Date,Clicks,Impressions,CTR,Position
2025-03-27,1,245,0.41%,22.5
2025-03-28,2,293,0.68%,19.9
2025-03-29,0,250,0%,25.3
2025-03-30,1,239,0.42%,22.9
2025-03-31,2,354,0.56%,20.9
2025-04-01,0,330,0%,19.3
2025-04-02,3,270,1.11%,20.6
2025-04-03,4,278,1.44%,21.8
2025-04-04,2,261,0.77%,21.6
2025-04-05,0,245,0%,24.6
2025-04-06,1,233,0.43%,25.5
2025-04-07,2,360,0.56%,20.9
2025-04-08,2,335,0.6%,21.4
2025-04-09,3,257,1.17%,21.4
2025-04-10,0,257,0%,23.1
2025-04-11,3,252,1.19%,18.8
2025-04-12,2,264,0.76%,25.5
2025-04-13,1,206,0.49%,22.3
2025-04-14,1,355,0.28%,24.5
2025-04-15,1,319,0.31%,20.9
2025-04-16,2,228,0.88%,19.4
2025-04-17,2,265,0.75%,21.6
2025-04-18,2,337,0.59%,18.8
2025-04-19,1,241,0.41%,19.9
2025-04-20,2,246,0.81%,22.9
2025-04-21,5,446,1.12%,21.1
2025-04-22,2,314,0.64%,22.3
2025-04-23,4,342,1.17%,20.5
2025-04-24,9,368,2.45%,22.7
2025-04-25,2,365,0.55%,20.2
2025-04-26,1,262,0.38%,20.6
2025-04-27,1,238,0.42%,22.2
2025-04-28,1,398,0.25%,21.5
2025-04-29,2,297,0.67%,19.2
2025-04-30,0,357,0%,21.4
2025-05-01,2,286,0.7%,22.6
2025-05-02,1,412,0.24%,19
2025-05-03,0,281,0%,22.1
2025-05-04,1,258,0.39%,20.1
2025-05-05,3,459,0.65%,21.9
2025-05-06,4,316,1.27%,22.3
2025-05-07,5,327,1.53%,20.2
2025-05-08,6,332,1.81%,20.1
2025-05-09,3,413,0.73%,22.1
2025-05-10,0,225,0%,25.5
2025-05-11,1,222,0.45%,26.3
2025-05-12,4,385,1.04%,26.6
2025-05-13,4,305,1.31%,28.1
2025-05-14,1,278,0.36%,24
2025-05-15,0,269,0%,24.2
2025-05-16,1,421,0.24%,21.1
2025-05-17,2,249,0.8%,25.3
2025-05-18,0,217,0%,28.2
2025-05-19,2,344,0.58%,25.9
2025-05-20,0,374,0%,25.8
2025-05-21,2,323,0.62%,27.3
2025-05-22,3,307,0.98%,25.3
2025-05-23,2,263,0.76%,26.2
2025-05-24,2,251,0.8%,27.8
2025-05-25,0,244,0%,27.6
2025-05-26,3,441,0.68%,24.4
2025-05-27,3,327,0.92%,23.1
2025-05-28,2,313,0.64%,22.5
2025-05-29,2,276,0.72%,23.5
2025-05-30,0,352,0%,22.7
2025-05-31,0,257,0%,26.2
2025-06-01,0,287,0%,25.1
2025-06-02,4,373,1.07%,24
2025-06-03,4,297,1.35%,28.4
2025-06-04,2,217,0.92%,24.2
2025-06-05,1,312,0.32%,22.3
2025-06-06,2,330,0.61%,22.3
2025-06-07,0,296,0%,24.6
2025-06-08,1,266,0.38%,25.6
2025-06-09,0,354,0%,28.9
2025-06-10,1,273,0.37%,22.7
2025-06-11,0,240,0%,25.1
2025-06-12,2,284,0.7%,25.2
2025-06-13,0,435,0%,23.4
2025-06-14,0,229,0%,29.3
2025-06-15,0,218,0%,29.4
2025-06-16,2,399,0.5%,28.4
2025-06-17,1,289,0.35%,28.2
2025-06-18,2,305,0.66%,33.1
2025-06-19,3,305,0.98%,31.6
2025-06-20,0,402,0%,27.6
2025-06-21,0,323,0%,31.2
2025-06-22,1,210,0.48%,32.7
2025-06-23,2,341,0.59%,31.1
2025-06-24,1,330,0.3%,31.4
2025-06-25,1,285,0.35%,33.8
2025-06-26,2,315,0.63%,26.3
2025-06-27,3,419,0.72%,23.7
2025-06-28,0,313,0%,25.2
2025-06-29,1,252,0.4%,32.7
2025-06-30,2,307,0.65%,30.5
2025-07-01,1,296,0.34%,29.6
2025-07-02,1,299,0.33%,27.9
2025-07-03,0,240,0%,31.9
2025-07-04,1,299,0.33%,24.9
2025-07-05,0,337,0%,27.4
2025-07-06,0,206,0%,28.3
2025-07-07,1,332,0.3%,31.3
2025-07-08,4,297,1.35%,28.2
2025-07-09,0,274,0%,30.4
2025-07-10,0,273,0%,28
2025-07-11,1,282,0.35%,28.7
2025-07-12,0,322,0%,27.3
2025-07-13,1,317,0.32%,28.1
2025-07-14,2,353,0.57%,27.6
2025-07-15,2,301,0.66%,31.2
2025-07-16,2,272,0.74%,32
2025-07-17,2,293,0.68%,27.7
2025-07-18,3,388,0.77%,25.8
2025-07-19,1,308,0.32%,30.8
2025-07-20,1,310,0.32%,28
2025-07-21,3,380,0.79%,31.1
2025-07-22,1,272,0.37%,29.9
2025-07-23,3,259,1.16%,32.7
2025-07-24,2,271,0.74%,29.1
2025-07-25,0,338,0%,27.6
2025-07-26,0,300,0%,27.3
2025-07-27,0,259,0%,30.6
2025-07-28,1,341,0.29%,30.2
2025-07-29,5,281,1.78%,29.2
2025-07-30,6,306,1.96%,27.7
2025-07-31,5,298,1.68%,26.5
2025-08-01,1,447,0.22%,23.2
2025-08-02,0,287,0%,27.5
2025-08-03,2,240,0.83%,31.5
2025-08-04,1,388,0.26%,28.7
2025-08-05,3,299,1%,28.8
2025-08-06,1,257,0.39%,30.8
2025-08-07,5,263,1.9%,24.9
2025-08-08,4,394,1.02%,24.9
2025-08-09,1,267,0.37%,27.3
2025-08-10,0,219,0%,29.4
2025-08-11,1,322,0.31%,29.8
2025-08-12,7,268,2.61%,29.5
2025-08-13,2,246,0.81%,28.6
2025-08-14,2,243,0.82%,24.1
2025-08-15,1,414,0.24%,21.7
2025-08-16,0,266,0%,25.1
2025-08-17,1,210,0.48%,30
2025-08-18,1,312,0.32%,28
2025-08-19,2,263,0.76%,26.4
2025-08-20,1,286,0.35%,26.1
2025-08-21,0,276,0%,25.9
2025-08-22,0,388,0%,26.9
2025-08-23,0,469,0%,25.6
2025-08-24,1,244,0.41%,31.3
2025-08-25,1,354,0.28%,27.7
2025-08-26,2,262,0.76%,29.8
2025-08-27,2,280,0.71%,34.5
2025-08-28,3,293,1.02%,27.8
2025-08-29,1,417,0.24%,27.3
2025-08-30,2,270,0.74%,29.3
2025-08-31,2,235,0.85%,33.4
2025-09-01,0,282,0%,33.6
2025-09-02,3,284,1.06%,32.7
2025-09-03,1,264,0.38%,33.4
2025-09-04,1,234,0.43%,27.3
2025-09-05,0,364,0%,26.6
2025-09-06,0,235,0%,31
2025-09-07,1,211,0.47%,33.9
2025-09-08,0,313,0%,34
2025-09-09,3,254,1.18%,29.5
2025-09-10,2,202,0.99%,26.9
2025-09-11,1,156,0.64%,29.1
2025-09-12,3,242,1.24%,18.1
2025-09-13,0,112,0%,14.6
2025-09-14,2,110,1.82%,20.1
2025-09-15,5,234,2.14%,19.9
2025-09-16,3,150,2%,16.3
2025-09-17,2,218,0.92%,20.5
2025-09-18,5,153,3.27%,13
2025-09-19,3,190,1.58%,21.3
2025-09-20,1,172,0.58%,22.7
2025-09-21,0,99,0%,21.3
2025-09-22,1,240,0.42%,22.1
2025-09-23,1,152,0.66%,19.5
2025-09-24,1,165,0.61%,23.5
2025-09-25,5,163,3.07%,16.7
2025-09-26,1,165,0.61%,25.4
2025-09-27,1,191,0.52%,21.3
2025-09-28,0,162,0%,19.8
2025-09-29,3,257,1.17%,21.5
2025-09-30,0,268,0%,23.1
2025-10-01,1,204,0.49%,19.3
2025-10-02,2,172,1.16%,21.3
2025-10-03,1,183,0.55%,21
2025-10-04,1,155,0.65%,20.9
2025-10-05,2,168,1.19%,19.8
2025-10-06,0,247,0%,22.5
2025-10-07,2,151,1.32%,18
2025-10-08,6,213,2.82%,23
2025-10-09,4,182,2.2%,18.8
2025-10-10,5,155,3.23%,21.1
2025-10-11,0,157,0%,21.8
2025-10-12,1,164,0.61%,20.2
2025-10-13,3,315,0.95%,22.1
2025-10-14,3,190,1.58%,17.9
2025-10-15,0,180,0%,23.4
2025-10-16,0,161,0%,18.1
2025-10-17,6,176,3.41%,19.1
2025-10-18,1,187,0.53%,19.9
2025-10-19,0,242,0%,20.5
2025-10-20,1,256,0.39%,21.3
2025-10-21,7,192,3.65%,16.6
2025-10-22,6,239,2.51%,21.3
2025-10-23,0,195,0%,16.1
2025-10-24,2,227,0.88%,16.5
2025-10-25,0,214,0%,18.3
2025-10-26,0,172,0%,23
2025-10-27,3,291,1.03%,24.3
2025-10-28,0,195,0%,17.7
2025-10-29,1,218,0.46%,18.9
2025-10-30,2,180,1.11%,18.9
2025-10-31,2,237,0.84%,15.5
2025-11-01,0,169,0%,19
2025-11-02,1,166,0.6%,23
2025-11-03,1,231,0.43%,20
2025-11-04,1,166,0.6%,17.6
2025-11-05,4,222,1.8%,19
2025-11-06,2,183,1.09%,16.6
2025-11-07,0,257,0%,15.5
2025-11-08,0,157,0%,18.5
2025-11-09,1,172,0.58%,22.8
2025-11-10,1,235,0.43%,17.8
2025-11-11,0,219,0%,17.2
2025-11-12,3,220,1.36%,22.7
2025-11-13,7,206,3.4%,20
2025-11-14,0,450,0%,14
2025-11-15,0,205,0%,16.9
2025-11-16,0,178,0%,21.7
2025-11-17,1,218,0.46%,21.1
2025-11-18,2,185,1.08%,17.8
2025-11-19,2,250,0.8%,24
2025-11-20,0,240,0%,21.8
2025-11-21,4,238,1.68%,16.3
2025-11-22,0,205,0%,29.9
2025-11-23,0,221,0%,26.3
2025-11-24,0,232,0%,21.2
2025-11-25,6,207,2.9%,19.4
2025-11-26,1,203,0.49%,25.5
2025-11-27,1,294,0.34%,31.2
2025-11-28,2,211,0.95%,17.7
2025-11-29,0,223,0%,20.6
2025-11-30,0,197,0%,25.7
2025-12-01,2,248,0.81%,23.2
2025-12-02,1,179,0.56%,19.1
2025-12-03,4,221,1.81%,23.4
2025-12-04,3,191,1.57%,21.9
2025-12-05,1,579,0.17%,33.4
2025-12-06,1,160,0.62%,21.8
2025-12-07,2,169,1.18%,23.7
2025-12-08,1,252,0.4%,19
2025-12-09,2,302,0.66%,22.5
2025-12-10,3,199,1.51%,20
2025-12-11,0,219,0%,19.4
2025-12-12,2,595,0.34%,33.1
2025-12-13,0,236,0%,14.2
2025-12-14,1,250,0.4%,21.3
2025-12-15,3,319,0.94%,17.7
2025-12-16,5,316,1.58%,16.1
2025-12-17,0,361,0%,23.3
2025-12-18,1,360,0.28%,15
2025-12-19,1,697,0.14%,24
2025-12-20,2,420,0.48%,15.2
2025-12-21,4,344,1.16%,18
2025-12-22,1,478,0.21%,18.4
2025-12-23,2,344,0.58%,11.8
2025-12-24,4,284,1.41%,19.6
2025-12-25,3,281,1.07%,20.4
2025-12-26,2,568,0.35%,28.2
2025-12-27,2,306,0.65%,16.3
2025-12-28,1,267,0.37%,18.2
2025-12-29,3,480,0.62%,19.8
2025-12-30,1,266,0.38%,15
2025-12-31,0,285,0%,20.2
2026-01-01,2,281,0.71%,19.1
2026-01-02,5,408,1.23%,24.1
2026-01-03,3,393,0.76%,25
2026-01-04,4,255,1.57%,17.9
2026-01-05,3,326,0.92%,18.2
2026-01-06,3,330,0.91%,19.8
2026-01-07,2,312,0.64%,20.6
2026-01-08,2,253,0.79%,15.9
2026-01-09,3,313,0.96%,20.8
2026-01-10,3,486,0.62%,32.9
2026-01-11,1,253,0.4%,21.2
2026-01-12,2,213,0.94%,19.4
2026-01-13,6,251,2.39%,21.6
2026-01-14,1,114,0.88%,35.8
2026-01-15,3,113,2.65%,29.1
2026-01-16,1,202,0.5%,47.6
2026-01-17,0,148,0%,31.3
2026-01-18,3,197,1.52%,22.2
2026-01-19,1,265,0.38%,17.2
2026-01-20,4,353,1.13%,19.3
2026-01-21,3,323,0.93%,21
2026-01-22,0,265,0%,17.8
2026-01-23,3,497,0.6%,26.9
2026-01-24,1,300,0.33%,16.8
2026-01-25,3,265,1.13%,16.6
2026-01-26,3,296,1.01%,14.9
2026-01-27,2,293,0.68%,16.5
2026-01-28,2,328,0.61%,18.4
2026-01-29,0,345,0%,16.7
2026-01-30,0,481,0%,26.9
2026-01-31,3,268,1.12%,15.9
2026-02-01,0,279,0%,18.3
2026-02-02,4,411,0.97%,15.4
2026-02-03,4,379,1.06%,16.9
2026-02-04,1,292,0.34%,13.8
2026-02-05,1,380,0.26%,21
2026-02-06,3,651,0.46%,29.5
2026-02-07,5,344,1.45%,18.3
2026-02-08,0,282,0%,19
2026-02-09,3,260,1.15%,15.4
2026-02-10,4,320,1.25%,20.1
2026-02-11,3,383,0.78%,20.5
2026-02-12,4,375,1.07%,13.9
2026-02-13,0,325,0%,17.3
2026-02-14,2,232,0.86%,16.5
2026-02-15,3,275,1.09%,18.1
2026-02-16,1,281,0.36%,16.8
2026-02-17,1,265,0.38%,14.7
2026-02-18,2,301,0.66%,21.1
2026-02-19,2,367,0.54%,15.9
2026-02-20,1,370,0.27%,17.1
2026-02-21,1,273,0.37%,18.1
2026-02-22,0,312,0%,19.4
2026-02-23,2,268,0.75%,16.3
2026-02-24,4,240,1.67%,14.9
2026-02-25,1,297,0.34%,19.2
2026-02-26,0,317,0%,14.9
2026-02-27,3,474,0.63%,15.8
2026-02-28,1,346,0.29%,13.4
2026-03-01,1,341,0.29%,15.2
2026-03-02,2,451,0.44%,11.4
2026-03-03,2,451,0.44%,12.9
2026-03-04,0,328,0%,20.7
2026-03-05,4,321,1.25%,12.9
2026-03-06,0,404,0%,15.2
2026-03-07,3,228,1.32%,15.8
2026-03-08,0,324,0%,14.1
2026-03-09,2,326,0.61%,14.9
2026-03-10,2,289,0.69%,15.5
2026-03-11,1,323,0.31%,16.8
2026-03-12,2,359,0.56%,14.6
2026-03-13,2,387,0.52%,13.5
2026-03-14,1,183,0.55%,14.2
2026-03-15,1,249,0.4%,15.4
2026-03-16,2,386,0.52%,14.8
2026-03-17,3,371,0.81%,12.3
2026-03-18,1,382,0.26%,17.3
2026-03-19,2,277,0.72%,12.3
2026-03-20,4,436,0.92%,18.5
2026-03-21,0,308,0%,14.6
2026-03-22,0,344,0%,13.1
2026-03-23,3,458,0.66%,13.2
2026-03-24,1,371,0.27%,12.7
2026-03-25,2,318,0.63%,14.1
2026-03-26,4,312,1.28%,16.8
2026-03-27,1,350,0.29%,17.3
2026-03-28,2,363,0.55%,17
2026-03-29,4,212,1.89%,17.7
2026-03-30,1,473,0.21%,12.2
2026-03-31,3,290,1.03%,21.2
2026-04-01,2,375,0.53%,16
2026-04-02,3,306,0.98%,11.9
2026-04-03,1,347,0.29%,17.4
2026-04-04,1,444,0.23%,17.3
2026-04-05,0,299,0%,14.3
2026-04-06,1,419,0.24%,11.9
2026-04-07,6,333,1.8%,11.9
2026-04-08,2,316,0.63%,14.8
2026-04-09,1,374,0.27%,16.2
2026-04-10,3,404,0.74%,12.3
2026-04-11,0,465,0%,15
2026-04-12,1,348,0.29%,15.9
2026-04-13,6,404,1.49%,13.9
2026-04-14,6,342,1.75%,10.8
2026-04-15,4,368,1.09%,13.6
2026-04-22,6,303,1.98%,14.9
2026-04-23,4,297,1.35%,16
2026-04-24,1,378,0.26%,15.6
2026-04-25,1,327,0.31%,20.8
2026-04-26,1,269,0.37%,18.2
2026-04-27,2,303,0.66%,16.6
2026-04-28,6,228,2.63%,17.9
2026-04-29,3,237,1.27%,15
2026-04-30,6,267,2.25%,13.5
2026-05-01,3,315,0.95%,16.6
2026-05-02,0,207,0%,14.7
2026-05-03,3,444,0.68%,12.6
2026-05-04,3,543,0.55%,14.6
2026-05-05,5,226,2.21%,14.7
2026-05-06,2,319,0.63%,14.6
2026-05-07,4,290,1.38%,16
2026-05-08,5,360,1.39%,15
2026-05-09,2,215,0.93%,17.1
2026-05-10,5,316,1.58%,20.6
2026-05-11,5,350,1.43%,15.9
2026-05-12,8,346,2.31%,14.3
2026-05-13,5,248,2.02%,12.8
2026-05-14,6,357,1.68%,14
2026-05-15,3,375,0.8%,13.4
2026-05-16,1,349,0.29%,14
2026-05-17,2,315,0.63%,20.2
2026-05-18,8,453,1.77%,17
2026-05-19,9,291,3.09%,17.7
2026-05-20,6,255,2.35%,12
2026-05-21,10,323,3.1%,14.5
2026-05-22,4,350,1.14%,13.4
2026-05-23,2,214,0.93%,19.6
2026-05-24,0,247,0%,20.9
2026-05-25,1,205,0.49%,19.3
2026-05-26,1,210,0.48%,18.8
2026-05-27,2,226,0.88%,16.8
2026-05-28,2,249,0.8%,15.5
2026-05-29,4,282,1.42%,14.7
2026-05-30,1,182,0.55%,14.6
2026-05-31,2,193,1.04%,16.2
2026-06-01,2,250,0.8%,17
2026-06-02,7,271,2.58%,13.4
2026-06-03,1,268,0.37%,14.9
2026-06-04,3,266,1.13%,17.6
2026-06-05,0,283,0%,18.1
2026-06-06,1,151,0.66%,18.2
2026-06-07,2,180,1.11%,19.1
2026-06-08,5,183,2.73%,15.1
2026-06-09,2,274,0.73%,14.8
2026-06-10,5,270,1.85%,14.9
2026-06-11,4,224,1.79%,12.4
2026-06-12,2,319,0.63%,17.7
2026-06-13,1,162,0.62%,15
2026-06-14,2,303,0.66%,14.9
2026-06-15,5,254,1.97%,16.2
2026-06-16,4,214,1.87%,15.3
2026-06-17,3,237,1.27%,14.3
2026-06-18,2,276,0.72%,21.8
2026-06-19,2,224,0.89%,17.5
2026-06-20,3,169,1.78%,18.5
2026-06-21,2,224,0.89%,16.5
2026-06-22,3,234,1.28%,13.8
2026-06-23,0,294,0%,14.3
2026-06-24,0,386,0%,19.3
2026-06-25,3,341,0.88%,10.8
2026-06-26,3,376,0.8%,14.3
2026-06-27,1,255,0.39%,16.1
2026-06-28,3,292,1.03%,13.6
2026-06-29,6,260,2.31%,14.2
2026-06-30,3,289,1.04%,15.1
2026-07-01,5,220,2.27%,16.9
2026-07-02,3,281,1.07%,14.6
2026-07-03,3,394,0.76%,20.1
2026-07-04,4,191,2.09%,19.4
2026-07-05,4,182,2.2%,18
2026-07-06,4,244,1.64%,15.1
2026-07-07,5,251,1.99%,13.1
2026-07-08,2,234,0.85%,17.8
2026-07-09,1,237,0.42%,13.5
2026-07-10,5,386,1.3%,15.1
2026-07-11,2,312,0.64%,15.9
2026-07-12,3,221,1.36%,15.5
2026-07-13,2,298,0.67%,15.2
2026-07-14,6,306,1.96%,18.5
2026-07-15,2,435,0.46%,16.3
2026-07-16,4,244,1.64%,14.3
2026-07-17,4,367,1.09%,18
2026-07-18,3,211,1.42%,16.7
2026-07-19,3,225,1.33%,13.6
2026-07-20,6,370,1.62%,23.7
2026-07-21,3,375,0.8%,23.8
2026-07-22,8,272,2.94%,11.5
2026-07-23,1,282,0.35%,14
2026-07-24,2,338,0.59%,13.8
2026-07-25,2,286,0.7%,17
2026-07-26,0,365,0%,28.5