Top pages,Clicks,Impressions,CTR,Position
https://rutherfordchiropractic.com/,728,70374,1.03%,16.98
https://rutherfordchiropractic.com/neuropathy-in-young-adults/,69,10646,0.65%,5.73
https://rutherfordchiropractic.com/i-just-stood-up-and-my-leg-gave-out-what-sciatica-pain-is-really-telling-you/,68,5182,1.31%,10.05
https://rutherfordchiropractic.com/why-do-my-socks-feel-tight-when-im-not-wearing-any-the-neuropathy-red-flag-you-shouldnt-ignore/,24,1718,1.4%,6.72
https://rutherfordchiropractic.com/chiropractic/,15,10400,0.14%,30.76
https://rutherfordchiropractic.com/why-your-pain-moves-around-one-day-its-your-back-the-next-its-your-leg/,14,3417,0.41%,8.28
https://rutherfordchiropractic.com/new-patients/,13,3342,0.39%,10.04
https://rutherfordchiropractic.com/contact-us/,12,6699,0.18%,32.35
https://rutherfordchiropractic.com/medical-weight-loss/,8,14107,0.06%,28.97
https://rutherfordchiropractic.com/spinal-decompression/,8,3084,0.26%,34.35
https://rutherfordchiropractic.com/neuropathy/,6,1819,0.33%,24.62
https://rutherfordchiropractic.com/the-hidden-link-between-lower-back-problems-and-neuropathy-in-your-feet-and-hands-and-why-no-one-told-you-earlier/,6,1274,0.47%,24.36
https://rutherfordchiropractic.com/contact-us,5,964,0.52%,46.97
https://rutherfordchiropractic.com/how-spinal-decompression-can-help-with-arthritis-and-numbness/,5,579,0.86%,11
https://rutherfordchiropractic.com/back-pain-relief/,4,7089,0.06%,43.73
https://rutherfordchiropractic.com/how-spinal-decompression-can-help-with-different-types-of-neuropathy/,4,637,0.63%,11.42
https://rutherfordchiropractic.com/new-patient-forms/,3,696,0.43%,6.23
https://rutherfordchiropractic.com/living-with-neuropathy-7-real-life-hacks-to-make-everyday-tasks-easier-and-less-painful-7/,3,96,3.12%,11
https://rutherfordchiropractic.com/weight-loss-chiropractor-murfreesboro-tn/,2,6659,0.03%,38.14
https://rutherfordchiropractic.com/neuropathy-murfreesboro-tn/,2,1074,0.19%,36.36
https://rutherfordchiropractic.com/why-your-back-locks-up-when-you-try-to-stand-straight-and-what-its-really-telling-you/,2,1044,0.19%,9.15
https://rutherfordchiropractic.com/why-your-joints-pop-crack-or-click-when-you-move/,2,557,0.36%,11.19
https://rutherfordchiropractic.com/the-7-most-common-daily-activities-that-damage-your-spine-without-you-realizing-it/,2,255,0.78%,8.9
https://rutherfordchiropractic.com/auto-injuries/,1,6301,0.02%,21.71
https://rutherfordchiropractic.com/financing/,1,6142,0.02%,47.16
https://rutherfordchiropractic.com/back-pain-chiropractor-murfreesboro-tn/,1,3594,0.03%,40.96
https://rutherfordchiropractic.com/how-spinal-decompression-can-help-with-sciatica-relief-6/,1,584,0.17%,27.99
https://rutherfordchiropractic.com/when-touch-hurts-coping-with-extreme-sensitivity-from-neuropathy-42/,1,505,0.2%,30.23
https://rutherfordchiropractic.com/how-spinal-decompression-can-help-with-sciatica-relief/,1,496,0.2%,37.09
https://rutherfordchiropractic.com/chiropractic-care-murfreesboro-tn/,1,388,0.26%,38.8
https://rutherfordchiropractic.com/why-sciatica-flares-when-you-sit-and-the-hidden-posture-problem-no-one-talks-about/,1,207,0.48%,14.27
https://rutherfordchiropractic.com/why-your-hip-pain-comes-and-goes-the-spine-stability-connection-no-one-is-talking-about/,1,121,0.83%,8.22
https://rutherfordchiropractic.com/sciatica-while-driving-seat-setup-posture-treatment/,1,95,1.05%,9.38
https://rutherfordchiropractic.com/living-with-neuropathy-7-real-life-hacks-to-make-everyday-tasks-easier-and-less-painful-10/,1,92,1.09%,11.03
https://rutherfordchiropractic.com/fixing-work-related-spine-misalignment-with-spinal-decompression/,1,78,1.28%,47.29
https://rutherfordchiropractic.com/overcome-runners-knee-with-chiropractic-care/,1,69,1.45%,35.74
https://rutherfordchiropractic.com/living-with-neuropathy-7-real-life-hacks-to-make-everyday-tasks-easier-and-less-painful/,1,33,3.03%,2.42
https://rutherfordchiropractic.com/why-one-knee-or-hip-hurts-more-than-the-other-and-the-hidden-alignment-problem-most-people-never-realize/,1,7,14.29%,8.43
https://rutherfordchiropractic.com/how-spinal-decompression-can-help-with-different-types-of-neuropathy-141/,1,1,100%,9
https://rutherfordchiropractic.com/car-injury-chiropractic-care-murfreesboro-tn/,0,6276,0%,30.13
https://rutherfordchiropractic.com/sports-injuries/,0,2572,0%,29.93
https://rutherfordchiropractic.com/best-chiropractor-murfreesboro-tn-6/,0,2077,0%,43.8
https://rutherfordchiropractic.com/chiropractors-murfreesboro-tn-4/,0,1997,0%,48.19
https://rutherfordchiropractic.com/chiropractic-relief-for-headaches-and-pain-3/,0,1974,0%,42.2
https://rutherfordchiropractic.com/chiropractic-care-and-spinal-decompression/,0,1322,0%,74.63
https://rutherfordchiropractic.com/spinal-decompression-therapy/,0,1029,0%,31.1
https://rutherfordchiropractic.com/back-pain-chiropractor-murfreesboro-tn-4/,0,542,0%,44.99
https://rutherfordchiropractic.com/when-touch-hurts-coping-with-extreme-sensitivity-from-neuropathy-47/,0,466,0%,56.74
https://rutherfordchiropractic.com/say-goodbye-to-chronic-neck-pain-with-spinal-decompression/,0,431,0%,29.48
https://rutherfordchiropractic.com/regain-grip-find-relief-from-hand-numbness-neuropathy/,0,413,0%,28.54
https://rutherfordchiropractic.com/sports-injury-chiropractor-mufreesboro-tn-3/,0,412,0%,21.94
https://rutherfordchiropractic.com/blog/,0,374,0%,25.57
https://rutherfordchiropractic.com/stop-losing-sleep-the-real-reason-your-shoulder-pain-wont-let-you-rest/,0,370,0%,15.95
https://rutherfordchiropractic.com/best-chiropractor-office-murfreesboro-tn/,0,348,0%,35.85
https://rutherfordchiropractic.com/chiropractic-care-for-sports-injuries-murfreesboro-tn/,0,346,0%,22.77
https://rutherfordchiropractic.com/whiplash-treatment-options-murfreesboro/,0,314,0%,14.6
https://rutherfordchiropractic.com/how-neuropathy-affects-your-sleep/,0,309,0%,19.5
https://rutherfordchiropractic.com/when-touch-hurts-coping-with-extreme-sensitivity-from-neuropathy/,0,306,0%,37.76
https://rutherfordchiropractic.com/best-chiropractor-murfreesboro-tn-7/,0,304,0%,49.75
https://rutherfordchiropractic.com/say-goodbye-to-chronic-neck-pain-with-spinal-decompression-4/,0,290,0%,16.18
https://rutherfordchiropractic.com/spinal-decompression-for-headaches-and-migraines-a-natural-path-to-relief-4/,0,258,0%,18.51
https://rutherfordchiropractic.com/when-touch-hurts-coping-with-extreme-sensitivity-from-neuropathy-6/,0,205,0%,71.07
https://rutherfordchiropractic.com/back-pain-chiropractor-murfreesboro-tn-22/,0,201,0%,30.59
https://rutherfordchiropractic.com/blog/page/3/,0,197,0%,48.54
https://rutherfordchiropractic.com/back-pain-chiropractor-murfreesboro-tn-9/,0,175,0%,38.1
https://rutherfordchiropractic.com/when-touch-hurts-coping-with-extreme-sensitivity-from-neuropathy-60/,0,174,0%,80.11
https://rutherfordchiropractic.com/chiropractic-care-for-sports-injuries-murfreesboro-tn-5/,0,171,0%,22.99
https://rutherfordchiropractic.com/chiropractic-care-murfreesboro-tn-4/,0,154,0%,54.05
https://rutherfordchiropractic.com/chiropractic-spinal-decompression-therapy-4/,0,135,0%,14.48
https://rutherfordchiropractic.com/how-neuropathy-affects-your-sleep-and-tips-for-better-rest-80/,0,133,0%,75.26
https://rutherfordchiropractic.com/get-relief-from-headaches-migraines-with-spinal-decompression-therapy-17/,0,119,0%,12.18
https://rutherfordchiropractic.com/chiropractic-spinal-decompression-murfreesboro-tn/,0,100,0%,22.17
https://rutherfordchiropractic.com/spinal-decompression-in-murfreesboro-a-non-surgical-path-to-real-relief/,0,95,0%,14.41
https://rutherfordchiropractic.com/spinal-decompression-for-headaches-and-migraines-a-natural-path-to-relief-5/,0,92,0%,20.46
https://rutherfordchiropractic.com/spinal-decompression-for-headaches-and-migraines-a-natural-path-to-relief/,0,88,0%,21.39
https://rutherfordchiropractic.com/chiropractors-murfreesboro-tn/,0,85,0%,25.48
https://rutherfordchiropractic.com/chiropractic-spinal-decompression-therapy-5/,0,82,0%,44.49
https://rutherfordchiropractic.com/weight-loss-chiropractor-murfreesboro-tn-3/,0,81,0%,60.14
https://rutherfordchiropractic.com/say-goodbye-to-chronic-neck-pain-with-spinal-decompression-29/,0,80,0%,18.9
https://rutherfordchiropractic.com/category/uncategorized/page/3/,0,73,0%,33.26
https://rutherfordchiropractic.com/neuropathy-pain-during-the-busy-season/,0,65,0%,10.46
https://rutherfordchiropractic.com/best-chiropractor-office-murfreesboro-tn-3/,0,64,0%,26.95
https://rutherfordchiropractic.com/chiropractic-care-for-disc-injuries/,0,64,0%,37.39
https://rutherfordchiropractic.com/overcome-runners-knee-with-chiropractic-care-4/,0,63,0%,53.56
https://rutherfordchiropractic.com/how-spinal-decompression-can-help-with-spine-misalignment-from-work-injuries/,0,59,0%,19.47
https://rutherfordchiropractic.com/how-spinal-decompression-can-alleviate-pain-from-work-related-injuries/,0,59,0%,44.64
https://rutherfordchiropractic.com/spinal-decompression-murfreesboro-tn,0,55,0%,23.6
https://rutherfordchiropractic.com/car-injury-chiropractic-care-murfreesboro-tn-8/,0,54,0%,14.93
https://rutherfordchiropractic.com/sports-injury-chiropractor-mufreesboro-tn/,0,54,0%,34.59
https://rutherfordchiropractic.com/restless-nights-how-neuropathy-leg-pain-disrupts-sleep-what-you-can-do-about-it-9/,0,52,0%,40.71
https://rutherfordchiropractic.com/neck-pain-after-car-accident-needs-chiropractor/,0,52,0%,66.52
https://rutherfordchiropractic.com/category/whiplash-treatment/,0,49,0%,32.88
https://rutherfordchiropractic.com/neck-pain-treatment-remote-workers/,0,46,0%,29.63
https://rutherfordchiropractic.com/back-pain-relief-murfreesboro-tn/,0,45,0%,47.93
https://rutherfordchiropractic.com/chiropractic-spinal-decompression-therapy-27/,0,44,0%,49.59
https://rutherfordchiropractic.com/chiropractic-woodbury-tn/,0,43,0%,5.79
https://rutherfordchiropractic.com/chiropractic-spinal-decompression-therapy-44/,0,38,0%,27.16
https://rutherfordchiropractic.com/chiropractic-spinal-decompression-therapy-20/,0,37,0%,34.43
https://rutherfordchiropractic.com/chiropractic-spinal-decompression-therapy-75/,0,33,0%,26.52
https://rutherfordchiropractic.com/movements-aggravate-sciatica-pain/,0,32,0%,10.47
https://rutherfordchiropractic.com/blog/page/20/,0,28,0%,26.29
https://rutherfordchiropractic.com/chiropractic-spinal-decompression-therapy-19/,0,27,0%,42.3
https://rutherfordchiropractic.com/back-pain-relief-brentwood-tn/,0,27,0%,65.52
https://rutherfordchiropractic.com/chronic-neck-pain-with-spinal-decompression/,0,26,0%,22.19
https://rutherfordchiropractic.com/blog/page/4/,0,25,0%,13.56
https://rutherfordchiropractic.com/chiropractic-spinal-decompression-therapy-41/,0,25,0%,40.68
https://rutherfordchiropractic.com/auto-injuries-murfreesboro-tn/,0,24,0%,29.88
https://rutherfordchiropractic.com/back-pain-relief-nashville-tn,0,21,0%,38.48
https://rutherfordchiropractic.com/why-spinal-decompression-may-be-the-missing-link-in-your-pain-relief-journey/,0,20,0%,31.3
https://rutherfordchiropractic.com/back-pain-chiropractor-murfreesboro-tn-19/,0,18,0%,26.89
https://rutherfordchiropractic.com/best-chiropractor-murfreesboro-tn/,0,18,0%,68.83
https://rutherfordchiropractic.com/what-causes-neuropathy/,0,17,0%,46.94
https://rutherfordchiropractic.com/living-with-neuropathy-7-real-life-hacks-to-make-everyday-tasks-easier-and-less-painful-12/,0,16,0%,21.62
https://rutherfordchiropractic.com/say-goodbye-to-chronic-neck-pain-with-spinal-decompression-22/,0,16,0%,22.75
https://rutherfordchiropractic.com/chiropractic-murfreesboro-tn/,0,15,0%,10.4
https://rutherfordchiropractic.com/living-with-neuropathy-7-real-life-hacks-to-make-everyday-tasks-easier-and-less-painful-21/,0,15,0%,31.6
https://rutherfordchiropractic.com/overcome-runners-knee-with-chiropractic-care-3/,0,15,0%,46.6
https://rutherfordchiropractic.com/when-touch-hurts-coping-with-extreme-sensitivity-from-neuropathy-51/,0,14,0%,47.93
https://rutherfordchiropractic.com/category/neck-pain/,0,14,0%,67.79
https://rutherfordchiropractic.com/how-neuropathy-affects-your-sleep-and-tips-for-better-rest-35/,0,14,0%,69.21
https://rutherfordchiropractic.com/chiropractic-la-vergne-tn/,0,13,0%,5.92
https://rutherfordchiropractic.com/neuropathy-brentwood-tn/,0,13,0%,9.38
https://rutherfordchiropractic.com/how-spinal-decompression-can-help-with-different-types-of-neuropathy-213/,0,13,0%,13.85
https://rutherfordchiropractic.com/chiropractic-care-murfreesboro-tn-6/,0,11,0%,48.36
https://rutherfordchiropractic.com/medical-weight-loss-nashville-tn/,0,11,0%,56
https://rutherfordchiropractic.com/living-with-neuropathy-7-real-life-hacks-to-make-everyday-tasks-easier-and-less-painful-4/,0,10,0%,8.8
https://rutherfordchiropractic.com/medical-weight-loss-murfreesboro-tn,0,10,0%,16.1
https://rutherfordchiropractic.com/neuropathy-smyrna-tn,0,9,0%,8.78
https://rutherfordchiropractic.com/how-to-recognize-the-early-signs-of-neuropathy/,0,9,0%,11.44
https://rutherfordchiropractic.com/chiropractic-spinal-decompression-therapy-84/,0,9,0%,12.78
https://rutherfordchiropractic.com/spinal-decompression-nashville-tn/,0,9,0%,18.67
https://rutherfordchiropractic.com/living-with-neuropathy-7-real-life-hacks-to-make-everyday-tasks-easier-and-less-painful-11/,0,9,0%,19.11
https://rutherfordchiropractic.com/back-pain-relief-smyrna-tn/,0,8,0%,1.38
https://rutherfordchiropractic.com/spinal-decompression-la-vergne-tn/,0,8,0%,5.88
https://rutherfordchiropractic.com/neuropathy-smyrna-tn/,0,8,0%,11.88
https://rutherfordchiropractic.com/chiropractic-spinal-decompression-therapy/,0,8,0%,17.62
https://rutherfordchiropractic.com/how-spinal-decompression-can-help-with-different-types-of-neuropathy-89/,0,8,0%,18.38
https://rutherfordchiropractic.com/spinal-decompression-lebanon-tn/,0,8,0%,18.38
https://rutherfordchiropractic.com/medical-weight-loss-brentwood-tn/,0,7,0%,13
https://rutherfordchiropractic.com/chiropractic-care-for-disc-injuries-22/,0,7,0%,17.29
https://rutherfordchiropractic.com/living-with-neuropathy-7-real-life-hacks-to-make-everyday-tasks-easier-and-less-painful-95/,0,7,0%,26
https://rutherfordchiropractic.com/blog/page/2/,0,7,0%,28.14
https://rutherfordchiropractic.com/how-spinal-decompression-can-help-with-arthritis-and-numbness-3/,0,7,0%,31.43
https://rutherfordchiropractic.com/neuropathy-nashville-tn/,0,7,0%,49.43
https://rutherfordchiropractic.com/chiropractic-eagleville-tn,0,6,0%,4.83
https://rutherfordchiropractic.com/chronic-back-pain-needs-spinal-decompression/,0,6,0%,11.83
https://rutherfordchiropractic.com/back-pain-relief-nashville-tn/,0,6,0%,14.83
https://rutherfordchiropractic.com/how-spinal-decompression-can-help-with-different-types-of-neuropathy-96/,0,6,0%,18.5
https://rutherfordchiropractic.com/chiropractic-nashville-tn/,0,6,0%,18.83
https://rutherfordchiropractic.com/auto-injuries-franklin-tn/,0,6,0%,27.67
https://rutherfordchiropractic.com/neuropathy-lebanon-tn/,0,5,0%,3.4
https://rutherfordchiropractic.com/chiropractic-eagleville-tn/,0,5,0%,4.6
https://rutherfordchiropractic.com/chiropractic-smyrna-tn/,0,5,0%,6.2
https://rutherfordchiropractic.com/chiropractic-care-for-disc-injury/,0,5,0%,8.2
https://rutherfordchiropractic.com/auto-injuries-smyrna-tn/,0,5,0%,25.4
https://rutherfordchiropractic.com/living-with-neuropathy-7-real-life-hacks-to-make-everyday-tasks-easier-and-less-painful-14/,0,5,0%,26.4
https://rutherfordchiropractic.com/when-touch-hurts-coping-with-extreme-sensitivity-from-neuropathy-17/,0,5,0%,28.6
https://rutherfordchiropractic.com/how-spinal-decompression-can-help-with-different-types-of-neuropathy-3/,0,5,0%,43.6
https://rutherfordchiropractic.com/how-spinal-decompression-can-help-with-spine-misalignment-from-work-injuries-4/,0,5,0%,51
https://rutherfordchiropractic.com/back-pain-relief-lebanon-tn/,0,5,0%,57.8
https://rutherfordchiropractic.com/back-pain-relief-franklin-tn/,0,5,0%,90.6
https://rutherfordchiropractic.com/auto-injuries-nashville-tn/,0,4,0%,3.75
https://rutherfordchiropractic.com/medical-weight-loss-woodbury-tn/,0,4,0%,5
https://rutherfordchiropractic.com/spinal-decompression-brentwood-tn/,0,4,0%,6.5
https://rutherfordchiropractic.com/spinal-decompression-for-headaches-and-migraines/,0,4,0%,8.5
https://rutherfordchiropractic.com/how-spinal-decompression-can-help-with-different-types-of-neuropathy-144/,0,4,0%,11.25
https://rutherfordchiropractic.com/neuropathy-woodbury-tn,0,4,0%,17.5
https://rutherfordchiropractic.com/how-spinal-decompression-can-help-with-different-types-of-neuropathy-145/,0,4,0%,22.75
https://rutherfordchiropractic.com/chiropractic-spinal-decompression-therapy-23/,0,4,0%,23.5
https://rutherfordchiropractic.com/auto-injuries-lebanon-tn/,0,4,0%,30
https://rutherfordchiropractic.com/sports-injuries-smyrna-tn/,0,3,0%,1.33
https://rutherfordchiropractic.com/sports-injuries-shelbyville-tn/,0,3,0%,1.67
https://rutherfordchiropractic.com/spinal-decompression-smyrna-tn/,0,3,0%,3.33
https://rutherfordchiropractic.com/neuropathy-franklin-tn/,0,3,0%,6
https://rutherfordchiropractic.com/how-neuropathy-leg-pain-disrupts-sleep-what-you-can-do-about-it/,0,3,0%,8
https://rutherfordchiropractic.com/how-spinal-decompression-can-help-with-different-types-of-neuropathy-99/,0,3,0%,9
https://rutherfordchiropractic.com/living-with-neuropathy-7-real-life-hacks-to-make-everyday-tasks-easier-and-less-painful-35/,0,3,0%,9
https://rutherfordchiropractic.com/living-with-neuropathy-7-real-life-hacks-to-make-everyday-tasks-easier-and-less-painful-3/,0,3,0%,9.67
https://rutherfordchiropractic.com/neuropathy-shelbyville-tn/,0,3,0%,11.33
https://rutherfordchiropractic.com/why-spinal-decompression-may-be-the-missing-link-in-your-pain-relief-journey-32/,0,3,0%,12.33
https://rutherfordchiropractic.com/medical-weight-loss-lebanon-tn/,0,3,0%,14
https://rutherfordchiropractic.com/living-with-neuropathy-7-real-life-hacks-to-make-everyday-tasks-easier-and-less-painful-6/,0,3,0%,21.67
https://rutherfordchiropractic.com/how-spinal-decompression-can-help-with-different-types-of-neuropathy-139/,0,3,0%,26
https://rutherfordchiropractic.com/how-spinal-decompression-can-help-with-different-types-of-neuropathy-112/,0,3,0%,30.33
https://rutherfordchiropractic.com/living-with-neuropathy-7-real-life-hacks-to-make-everyday-tasks-easier-and-less-painful-5/,0,3,0%,35.67
https://rutherfordchiropractic.com/how-neuropathy-affects-your-sleep-and-tips-for-better-rest-24/,0,3,0%,41.33
https://rutherfordchiropractic.com/how-spinal-decompression-can-help-with-arthritis-and-numbness-5/,0,3,0%,41.33
https://rutherfordchiropractic.com/category/sciatica-pain/,0,3,0%,43
https://rutherfordchiropractic.com/back-pain-relief-shelbyville-tn,0,2,0%,2
https://rutherfordchiropractic.com/auto-injuries-nashville-tn,0,2,0%,2.5
https://rutherfordchiropractic.com/sports-injuries-nashville-tn/,0,2,0%,3
https://rutherfordchiropractic.com/chiropractic-franklin-tn/,0,2,0%,6.5
https://rutherfordchiropractic.com/spinal-decompression-woodbury-tn/,0,2,0%,7
https://rutherfordchiropractic.com/neuropathy-brentwood-tn,0,2,0%,8
https://rutherfordchiropractic.com/recognizing-the-early-warning-signs-of-neuropathy-that-often-go-unnoticed-31/,0,2,0%,8.5
https://rutherfordchiropractic.com/auto-injuries-brentwood-tn/,0,2,0%,9
https://rutherfordchiropractic.com/first-spinal-decompression-visit/,0,2,0%,9
https://rutherfordchiropractic.com/auto-injuries-franklin-tn,0,2,0%,14.5
https://rutherfordchiropractic.com/category/uncategorized/page/13/,0,2,0%,14.5
https://rutherfordchiropractic.com/overcome-runners-knee-with-chiropractic-care-36/,0,2,0%,15
https://rutherfordchiropractic.com/the-hidden-reason-your-lower-back-pain-makes-your-knees-ache-too/,0,2,0%,15.5
https://rutherfordchiropractic.com/how-spinal-decompression-can-help-with-different-types-of-neuropathy-105/,0,2,0%,17
https://rutherfordchiropractic.com/spinal-decompression-franklin-tn,0,2,0%,17
https://rutherfordchiropractic.com/sports-injuries-eagleville-tn/,0,2,0%,19.5
https://rutherfordchiropractic.com/medical-weight-loss-eagleville-tn/,0,2,0%,20
https://rutherfordchiropractic.com/medical-weight-loss-franklin-tn/,0,2,0%,24.5
https://rutherfordchiropractic.com/how-spinal-decompression-can-help-with-different-types-of-neuropathy-132/,0,2,0%,26.5
https://rutherfordchiropractic.com/why-spinal-decompression-may-be-the-missing-link-in-your-pain-relief-journey-83/,0,2,0%,29
https://rutherfordchiropractic.com/why-spinal-decompression-may-be-the-missing-link-in-your-pain-relief-journey-61/,0,2,0%,29.5
https://rutherfordchiropractic.com/blog/page/10/,0,2,0%,30.5
https://rutherfordchiropractic.com/when-touch-hurts-coping-with-extreme-sensitivity-from-neuropathy-2/,0,2,0%,30.5
https://rutherfordchiropractic.com/neuropathy-woodbury-tn/,0,2,0%,35.5
https://rutherfordchiropractic.com/medical-weight-loss-la-vergne-tn/,0,2,0%,38.5
https://rutherfordchiropractic.com/relieve-pain-and-restore-wellness-with-chiropractic-care-and-spinal-decompression/,0,2,0%,41.5
https://rutherfordchiropractic.com/how-spinal-decompression-can-help-with-different-types-of-neuropathy-88/,0,2,0%,46
https://rutherfordchiropractic.com/back-pain-relief-woodbury-tn/,0,2,0%,54
https://rutherfordchiropractic.com/living-with-neuropathy-7-real-life-hacks-to-make-everyday-tasks-easier-and-less-painful-16/,0,2,0%,54.5
https://rutherfordchiropractic.com/spinal-decompression-in-murfreesboro-a-non-surgical-path-to-real-relief-4/,0,2,0%,65
https://rutherfordchiropractic.com/chiropractic-shelbyville-tn/,0,1,0%,2
https://rutherfordchiropractic.com/everyday-habits-quietly-damage-spine/,0,1,0%,2
https://rutherfordchiropractic.com/signs-of-neuropathy/,0,1,0%,2
https://rutherfordchiropractic.com/chiropractic-care-for-disc-injuries-27/,0,1,0%,3
https://rutherfordchiropractic.com/auto-injuries-eagleville-tn,0,1,0%,4
https://rutherfordchiropractic.com/auto-injuries-woodbury-tn/,0,1,0%,4
https://rutherfordchiropractic.com/living-with-neuropathy-7-real-life-hacks-to-make-everyday-tasks-easier-and-less-painful-17/,0,1,0%,6
https://rutherfordchiropractic.com/how-spinal-decompression-can-help-with-different-types-of-neuropathy-2/,0,1,0%,7
https://rutherfordchiropractic.com/living-with-neuropathy-7-real-life-hacks-to-make-everyday-tasks-easier-and-less-painful-9/,0,1,0%,7
https://rutherfordchiropractic.com/spinal-decompression-shelbyville-tn/,0,1,0%,7
https://rutherfordchiropractic.com/test-two/,0,1,0%,7
https://rutherfordchiropractic.com/how-spinal-decompression-can-help-with-different-types-of-neuropathy-146/,0,1,0%,8
https://rutherfordchiropractic.com/how-spinal-decompression-can-help-with-different-types-of-neuropathy-109/,0,1,0%,9
https://rutherfordchiropractic.com/neuropathy-eagleville-tn/,0,1,0%,9
https://rutherfordchiropractic.com/category/uncategorized/,0,1,0%,10
https://rutherfordchiropractic.com/fixing-work-related-spine-misalignment-with-spinal-decompression-42/,0,1,0%,10
https://rutherfordchiropractic.com/how-spinal-decompression-can-help-with-different-types-of-neuropathy-118/,0,1,0%,10
https://rutherfordchiropractic.com/how-spinal-decompression-can-help-with-different-types-of-neuropathy-133/,0,1,0%,10
https://rutherfordchiropractic.com/say-goodbye-to-chronic-neck-pain-with-spinal-decompression-31/,0,1,0%,10
https://rutherfordchiropractic.com/sports-injuries-brentwood-tn/,0,1,0%,10
https://rutherfordchiropractic.com/how-spinal-decompression-can-help-with-different-types-of-neuropathy-223/,0,1,0%,11
https://rutherfordchiropractic.com/chiropractic-spinal-decompression-therapy-53/,0,1,0%,12
https://rutherfordchiropractic.com/how-spinal-decompression-can-help-with-different-types-of-neuropathy-229/,0,1,0%,12
https://rutherfordchiropractic.com/how-spinal-decompression-can-help-with-different-types-of-neuropathy-62/,0,1,0%,12
https://rutherfordchiropractic.com/holiday-relief-managing-neuropathy-pain-during-the-busy-season-19/,0,1,0%,13
https://rutherfordchiropractic.com/why-spinal-decompression-may-be-the-missing-link-in-your-pain-relief-journey-26/,0,1,0%,16
https://rutherfordchiropractic.com/how-spinal-decompression-can-help-with-different-types-of-neuropathy-226/,0,1,0%,17
https://rutherfordchiropractic.com/chiropractic-care-for-disc-injuries-3/,0,1,0%,18
https://rutherfordchiropractic.com/chiropractic-spinal-decompression-therapy-78/,0,1,0%,18
https://rutherfordchiropractic.com/this-post-created-with-wordpress-for-testing-please-ignore-4/,0,1,0%,18
https://rutherfordchiropractic.com/blog/page/42/,0,1,0%,31
https://rutherfordchiropractic.com/hidden-joint-pain-triggers/,0,1,0%,35
https://rutherfordchiropractic.com/fixing-work-related-spine-misalignment-with-spinal-decompression-23/,0,1,0%,36
https://rutherfordchiropractic.com/fixing-work-related-spine-misalignment-with-spinal-decompression-29/,0,1,0%,37
https://rutherfordchiropractic.com/how-neuropathy-affects-your-sleep-and-tips-for-better-rest-45/,0,1,0%,37
https://rutherfordchiropractic.com/how-spinal-decompression-can-help-with-different-types-of-neuropathy-137/,0,1,0%,43
https://rutherfordchiropractic.com/neuropathy-la-vergne-tn/,0,1,0%,44
https://rutherfordchiropractic.com/how-spinal-decompression-can-help-with-different-types-of-neuropathy-138/,0,1,0%,46
https://rutherfordchiropractic.com/how-spinal-decompression-can-help-with-different-types-of-neuropathy-95/,0,1,0%,48
https://rutherfordchiropractic.com/how-spinal-decompression-can-help-with-spine-misalignment-from-work-injuries-2/,0,1,0%,59
https://rutherfordchiropractic.com/chiropractic-care-for-disc-injuries-6/,0,1,0%,88
https://rutherfordchiropractic.com/chiropractic-care-for-disc-injuries-29/,0,1,0%,93