Top queries,Clicks,Impressions,CTR,Position
rutherford spine and wellness center,179,906,19.76%,1.1
rutherford spine and wellness,53,314,16.88%,2.47
spinal decompression murfreesboro tn,20,1163,1.72%,6.44
leg gave way when i stood up,17,596,2.85%,8.31
chiropractor murfreesboro tn,11,2886,0.38%,21.29
chiropractor near me,7,1549,0.45%,14.06
rutherford chiropractic,6,524,1.15%,9.46
spinal decompression near me,6,336,1.79%,10.67
dr stewart chiropractor,5,62,8.06%,8.98
my leg gave out and i fell,4,394,1.02%,7.36
spinal decompression,4,139,2.88%,3.88
rutherford chiropractor,4,122,3.28%,12.48
spinal decompression therapy near me,3,146,2.05%,33.2
dr. stewart chiropractor,3,14,21.43%,3.71
weight loss clinic murfreesboro tn,2,335,0.6%,20.32
chiropractors near me,2,317,0.63%,10.47
chiropractors in murfreesboro tn,2,287,0.7%,20.85
rutherford clinic,2,165,1.21%,14.3
best chiropractor murfreesboro tn,2,120,1.67%,15.88
大髀內側痛,2,13,15.38%,24
murfreesboro chiropractor,1,1583,0.06%,19.7
chiropractor,1,1231,0.08%,11.01
chiropractors murfreesboro tn,1,754,0.13%,20.35
chiropractor in murfreesboro,1,588,0.17%,20
neuropathy in young adults,1,215,0.47%,9.39
dr rutherford,1,164,0.61%,7.88
neuropathy chiropractor near me,1,111,0.9%,42.78
weight loss clinic,1,69,1.45%,19.97
wellness center near me,1,37,2.7%,7.49
dr stewart,1,34,2.94%,2.53
physical therapy murfreesboro tn,1,34,2.94%,41.24
sports chiropractor near me,1,32,3.12%,8.94
neuropathy hack,1,29,3.45%,6.41
can sciatica cause your leg to give out,1,29,3.45%,10.79
tmj chiropractor near me,1,22,4.55%,8.64
spine decompression near me,1,20,5%,5.2
spine wellness center,1,19,5.26%,14.26
my leg gave out,1,16,6.25%,6.94
chiropractor on broad street,1,16,6.25%,15.38
weight loss near me,1,16,6.25%,36.5
back decompression,1,14,7.14%,2.5
my legs gave out and i fell,1,13,7.69%,6.77
ring dinger near me,1,12,8.33%,7.08
dr stewart chiropractic,1,11,9.09%,22.18
softwave therapy near me,1,10,10%,1.6
decompression table near me,1,10,10%,8.4
back decompression near me,1,9,11.11%,4
physical therapy near me,1,7,14.29%,33.86
knee decompression near me,1,6,16.67%,5.67
y strap chiropractor near me,1,6,16.67%,7.33
free chiropractor near me,1,6,16.67%,7.67
neuropathy doctor near me,1,6,16.67%,14.33
decompression near me,1,5,20%,3.6
chiropractor near me within 5 mi,1,5,20%,9.6
legs gave out meaning,1,5,20%,23.8
traction therapy near me,1,4,25%,2.75
back and spine,1,4,25%,3.5
spine and back doctor near me,1,3,33.33%,3
spine therapy near me,1,3,33.33%,4
lower back pain,1,3,33.33%,6
atlas adjustment near me,1,3,33.33%,9
massage chiropractor near me,1,3,33.33%,9
chiropractor adjustment near me,1,3,33.33%,10.33
$25 chiropractor near me,1,3,33.33%,20
chiropractor that takes tenncare,1,3,33.33%,22
non surgical spinal decompression near me,1,3,33.33%,35.67
humana chiropractors near me,1,3,33.33%,63.33
idd therapy near me,1,2,50%,3
spinal care near me,1,2,50%,3
cranial facial release near me,1,2,50%,5
scoliosis treatment near me,1,2,50%,5.5
medical chiropractor near me,1,2,50%,8.5
chiropractic clinics near me,1,1,100%,1
chiropractor physical therapy,1,1,100%,1
knee on trac near me,1,1,100%,1
leg weakness with sciatica,1,1,100%,1
my legs are gone,1,1,100%,1
pt and chiropractor,1,1,100%,1
sciatica causing leg to give out,1,1,100%,1
scoliosis clinics near me,1,1,100%,1
sleep center,1,1,100%,1
spine specialist,1,1,100%,1
sports injury chiropractor near me,1,1,100%,1
symptoms of nerve damage,1,1,100%,1
scoliosis massage therapy,1,1,100%,2
back cracker near me,1,1,100%,4
dr stuart chiropractic,1,1,100%,4
back adjustment,1,1,100%,5
no crack chiropractor near me,1,1,100%,5
spine and neck doctor near me,1,1,100%,5
old school chiropractor near me,1,1,100%,6
trauma informed chiropractor,1,1,100%,6
medical weight loss murfreesboro tn,0,2680,0%,26.95
medical weight loss rutherfordton,0,1661,0%,15.3
weight loss medication murfreesboro tn,0,1543,0%,48.27
chiropractor murfreesboro,0,1502,0%,20.57
chiropractic financing,0,1381,0%,68.39
auto accident chiropractor murfreesboro,0,1355,0%,13.2
semaglutide rutherfordton,0,1302,0%,32.68
sports chiropractor murfreesboro,0,1106,0%,14.75
whiplash chiropractor murfreesboro tn,0,1077,0%,18.17
whiplash chiropractor murfreesboro,0,1041,0%,14.44
auto accident chiropractor murfreesboro tn,0,1001,0%,14.1
murfreesboro tn chiropractor,0,984,0%,23.54
chiropractor migraines murfreesboro,0,973,0%,16.21
spinal decompression chiropractor,0,953,0%,84.5
chiropractic care financing,0,877,0%,67.54
chiropractor in murfreesboro tn,0,852,0%,24.05
chiropractor sciatica murfreesboro,0,813,0%,14.75
chiropractor sciatica murfreesboro tn,0,811,0%,17.22
chiropractic murfreesboro tn,0,800,0%,21.7
chiropractor for sciatica murfreesboro,0,788,0%,13.76
chiropractic murfreesboro,0,773,0%,23.72
chiropractor lower back pain murfreesboro,0,760,0%,11.83
carpal tunnel chiropractic murfreesboro tn,0,750,0%,11.01
chiropractor back pain murfreesboro tn,0,735,0%,12.77
carpal tunnel chiropractic murfreesboro,0,712,0%,11.05
sports chiropractor murfreesboro tn,0,708,0%,14.01
chiropractic back pain murfreesboro,0,704,0%,14.14
chiropractor back pain murfreesboro,0,688,0%,15.63
neck pain chiropractor murfreesboro tn,0,661,0%,17.78
chiropractor shoulder pain murfreesboro tn,0,657,0%,17.65
chiropractor shoulder pain murfreesboro,0,653,0%,18.22
chiropractor lower back pain murfreesboro tn,0,651,0%,12.09
back pain relief murfreesboro,0,649,0%,17.56
neck pain chiropractor murfreesboro,0,649,0%,17.96
carpal tunnel chiropractor murfreesboro,0,638,0%,11.98
chiropractor for back pain murfreesboro,0,618,0%,15.62
back pain treatment murfreesboro,0,610,0%,21.38
spine rehab murfreesboro,0,584,0%,11.39
chiropractor headaches murfreesboro,0,583,0%,20.25
chiropractor for migraines murfreesboro,0,570,0%,19.44
chiropractor for headaches murfreesboro,0,565,0%,22.52
chiropractor for headache murfreesboro,0,562,0%,23.84
neck pain relief murfreesboro,0,560,0%,17.55
chiropractor for migraines murfreesboro tn,0,548,0%,21.83
chiropractic patient financing,0,546,0%,61.06
pregnancy chiropractor murfreesboro,0,536,0%,49.15
sciatica treatment murfreesboro,0,531,0%,20.31
shoulder pain relief murfreesboro,0,528,0%,25.09
chiropractor for migraine murfreesboro,0,527,0%,20.75
migraine chiropractic murfreesboro,0,521,0%,21.71
chiropractor headaches murfreesboro tn,0,506,0%,24.76
chiropractor migraine murfreesboro,0,504,0%,19.63
sports injury murfreesboro,0,504,0%,24.41
chiropractor migraines murfreesboro tn,0,501,0%,17.75
migraine chiropractor murfreesboro,0,455,0%,21.04
migraines chiropractor murfreesboro,0,454,0%,27.31
neck pain physical therapy murfreesboro,0,433,0%,34.49
chiropractice financing,0,409,0%,6.33
pregnancy chiropractic murfreesboro tn,0,398,0%,44.95
knee pain relief murfreesboro,0,394,0%,42.66
do chiropractors take care credit,0,372,0%,71.45
financing of chiropractice care,0,361,0%,81.87
chiropractor murfreesboro tennessee,0,349,0%,22.56
car chiropractic,0,337,0%,46.31
neuropathy doctor rutherford,0,319,0%,40.92
medical weight loss clinic murfreesboro,0,306,0%,30.39
sports injury rehab murfreesboro,0,301,0%,30.61
auto accident pain relief murfreesboro,0,298,0%,12.14
tmjd chiropractor murfreesboro,0,281,0%,29.43
vertigo treatment murfreesboro,0,271,0%,58.1
vestibular therapy murfreesboro,0,261,0%,68.17
medical weight loss murfreesboro,0,258,0%,29.68
stewart chiropractic,0,253,0%,9.9
injury and accident clinic,0,241,0%,12.22
murfreesboro chiropractic,0,238,0%,27.59
spinal injections rutherford,0,232,0%,48.81
spinal decompression murfreesboro,0,228,0%,22.89
prescription medical weight loss murfreesboro tn,0,222,0%,45.35
car injury clinic murfreesboro,0,221,0%,11.55
weight loss coach murfreesboro tn,0,221,0%,74.33
auto injury clinic in murfreesboro,0,217,0%,15.66
chiropractic,0,217,0%,19.92
best auto accident pain relief murfreesboro,0,216,0%,49.64
auto injury chiropractic murfreesboro,0,215,0%,16.4
weight loss murfreesboro tn,0,215,0%,25.46
chiropractor in murfreesboro tennessee,0,214,0%,20.21
auto injury clinic murfreesboro,0,212,0%,14.75
auto injury doctor murfreesboro,0,212,0%,15.78
murfreesboro tennessee chiropractor,0,210,0%,18.9
spine injury,0,209,0%,8.4
car accident doctor murfreesboro,0,205,0%,20.43
accident and injury chiropractic murfreesboro,0,202,0%,18.15
car injury doctor murfreesboro,0,198,0%,15.46
1139 nw broad st,0,197,0%,6.13
wellness center murfreesboro tn,0,195,0%,12.45
auto accident chiropractor near me,0,195,0%,42.56
increased sensitivity to touch,0,193,0%,59.49
back pain treatment near me,0,183,0%,9.47
auto injury clinic near me,0,181,0%,12.08
accident injury chiropractic murfreesboro,0,177,0%,12.14
car injury clinic in murfreesboro,0,177,0%,16.5
auto accident clinic murfreesboro,0,171,0%,19.11
accident injury clinic murfreesboro,0,169,0%,16.53
neck and back clinic near me,0,165,0%,11.76
tennessee murfreesboro chiropractor,0,165,0%,18.19
tmjd chiropractor murfreesboro tn,0,162,0%,23.4
best chiropractor in murfreesboro,0,161,0%,31.44
accident injury chiropractic in murfreesboro,0,156,0%,16.24
accident and injury clinic murfreesboro,0,155,0%,22.08
accident injury doctor murfreesboro,0,146,0%,25.69
accident and injury doctor murfreesboro,0,146,0%,27.64
top auto accident pain relief murfreesboro,0,138,0%,34.64
weight loss clinic murfreesboro,0,138,0%,34.71
vestibular rehabilitation murfreesboro,0,137,0%,62.2
tmj chiropractor murfreesboro,0,133,0%,41.35
neck center,0,132,0%,7.05
weight loss murfreesboro,0,132,0%,22.74
neck and back pain specialists,0,130,0%,34.05
lower back pain murfreesboro,0,129,0%,23.52
neck clinic,0,122,0%,13.75
wellness center,0,118,0%,10.22
chiropractic near me,0,112,0%,6.76
neck and back medical center,0,112,0%,27.79
tmj chiropractor murfreesboro tn,0,110,0%,43.75
accident and injury murfreesboro,0,109,0%,49.31
well chiropractic,0,108,0%,9.08
whiplash treatment murfreesboro,0,107,0%,25.16
chiropractor for neuropathy near me,0,107,0%,27.58
neuropathy treatment murfreesboro,0,103,0%,13.56
sensitive to touch,0,103,0%,63.69
pediatric chiropractic murfreesboro tn,0,103,0%,67.07
back doctor near me,0,102,0%,14.99
spine wellness chiropractor,0,101,0%,65.79
fast weight loss murfreesboro tn,0,96,0%,19.49
neuropathy treatment near me,0,95,0%,17.57
neck pain treatment murfreesboro,0,95,0%,32.57
spine specialist near me,0,90,0%,16.02
disc pain treatment murfreesboro,0,88,0%,33.66
pediatric chiropractic murfreesboro,0,88,0%,79.68
fast weight loss murfreesboro,0,84,0%,19.46
murfreesboro weight loss,0,84,0%,29.29
car accident chiropractor near me,0,84,0%,38.76
chiropractors murfreesboro,0,82,0%,35
what is happening in my back when i feel something shifted,0,80,0%,10.18
best weight loss murfreesboro,0,78,0%,11.62
best chiropractor near me,0,78,0%,60.06
wellness chiropractic,0,77,0%,5.14
full spine chiropractic,0,77,0%,49.06
hypersensitivity to touch,0,77,0%,73.62
sciatica treatment murfreesboro tn,0,76,0%,25.53
murfreesboro back pain treatment,0,75,0%,15.92
spine doctor murfreesboro tn,0,75,0%,24.84
rutherfordton spinal cord injury,0,74,0%,21.47
sensitivity to touch,0,74,0%,57.66
how to lose weight fast murfreesboro tn,0,73,0%,19.6
murfreesboro weight loss clinic,0,71,0%,30.93
auto accident chiropractors near me,0,71,0%,62.38
medical weight loss 37130,0,70,0%,23.61
penile shockwave therapy murfreesboro tn,0,70,0%,71.21
how to lose weight fast murfreesboro,0,69,0%,19.36
back pain center near me,0,68,0%,22.47
weight loss results 37130,0,67,0%,11.42
best weight loss clinic murfreesboro tn,0,67,0%,14.27
pain treatment near me,0,66,0%,22.64
weight loss in murfreesboro tn,0,66,0%,35.64
weight loss doctor murfreesboro tn,0,66,0%,37.06
neuropathy doctor east rutherford,0,66,0%,42.92
weight loss center murfreesboro tn,0,65,0%,31.52
spinal decompression therapy,0,64,0%,2.72
1139 nw broad st murfreesboro tn,0,64,0%,6.36
best weight murfreesboro tn,0,64,0%,12.72
chiropractor office sba loan,0,64,0%,67.73
customized medical weight loss,0,64,0%,87.48
weight loss clinics in murfreesboro tn,0,63,0%,33.33
sciatica pain relief,0,62,0%,2.98
weight loss results murfreesboro,0,62,0%,15.81
weight loss results murfreesboro tn,0,61,0%,15.18
spine,0,60,0%,6.85
spine and wellness center,0,60,0%,15.92
non-surgical weight loss murfreesboro,0,60,0%,23.62
chiropractic care murfreesboro,0,60,0%,33.48
best weight loss center murfreesboro tn,0,59,0%,13.17
chiropractor financing,0,59,0%,96.34
fast weight loss 37130,0,57,0%,12.82
stewart chiropractor,0,56,0%,8.66
pregnancy loss murfreesboro tn,0,55,0%,87.2
best weight loss murfreesboro tn,0,54,0%,12.31
extreme sensitivity to touch,0,54,0%,19.8
murfreesboro fat reduction,0,53,0%,25.72
back pain doctor near me,0,53,0%,27.43
chiropractic sciatica murfreesboro tn,0,52,0%,24.5
weight loss 37130,0,52,0%,25.94
leg gave out,0,51,0%,9.1
dry needling murfreesboro tn,0,51,0%,79.41
weight loss injections murfreesboro tn,0,50,0%,23.36
murfreesboro neck lines and cords treatment,0,50,0%,26.72
murfreesboro joint pain treatment,0,50,0%,46.2
"best chiropractor murfreesboro, tn",0,48,0%,15.75
murfreesboro chiropractors,0,48,0%,20.79
chiropractor for car accident near me,0,48,0%,26.38
weight loss doctor murfreesboro,0,48,0%,32.23
back sensitive to touch,0,48,0%,61.33
1139 nw broad street murfreesboro tn,0,46,0%,5.46
chiropractic adjustment near me,0,46,0%,14.04
medical weight loss near me,0,46,0%,21.11
spinal decompression chiropractic care i,0,46,0%,34.22
sports rehab murfreesboro,0,44,0%,51.57
stewart chiro,0,43,0%,15.63
decompression therapy for sciatica,0,43,0%,68.81
weight loss consultation 37130,0,42,0%,19
fat burning injections murfreesboro,0,42,0%,21.88
how to sleep with neuropathy,0,41,0%,64.49
back and neck pain center,0,40,0%,8.03
how to lose weight fast 37130,0,40,0%,13.72
tirzepatide rutherfordton,0,40,0%,42.83
doctors diet program murfreesboro,0,40,0%,43.17
why is my back so sensitive to touch,0,40,0%,65.7
walk in chiropractor near me,0,39,0%,10.59
rutherfordton spinal cord injuries,0,39,0%,17.26
how to lose weight murfreesboro,0,39,0%,20.79
chiropractor rutherford,0,39,0%,29.05
stones river chiropractic,0,39,0%,41.21
hormone weight loss 37130,0,38,0%,19.58
tennessee back pain center,0,38,0%,19.68
chronic hip pain treatment murfreesboro,0,38,0%,21.76
how to lose weight murfreesboro tn,0,38,0%,23.39
stewart chiropractic center,0,37,0%,31.38
best weight murfreesboro,0,36,0%,14.67
pain management rutherford,0,36,0%,63.86
chiropractor office loan,0,36,0%,91.44
upper cervical chiropractic near me,0,35,0%,9.4
dr. rutherford,0,35,0%,12.91
chiropractors in murfreesboro,0,35,0%,20.8
sba loan chiropractor office,0,35,0%,95.34
local guide program,0,34,0%,1
sciatica stretches,0,34,0%,3.09
how to lose weight 37130,0,34,0%,13.71
pain that starts in back and comes around and down front of leg,0,34,0%,81.85
health4life murfreesboro,0,33,0%,16.12
fat burning murfreesboro tn,0,33,0%,19.21
weight loss consultation murfreesboro,0,33,0%,22.45
local chiropractor,0,33,0%,29.15
sensitive to the touch,0,33,0%,57.45
car accident chiropractic near me,0,33,0%,76.36
auto injury chiropractic,0,32,0%,5.59
weight loss consultation murfreesboro tn,0,32,0%,25.22
spinal decompression chiropractors,0,32,0%,81.75
back pain relief,0,31,0%,7.13
"best weight loss clinic murfreesboro, tn",0,31,0%,7.87
chiropractic care near me,0,31,0%,9.06
100 chiropractic murfreesboro tn,0,31,0%,30
extremely sensitive to touch,0,31,0%,36.48
heightened sensitivity to touch,0,31,0%,38.9
sports injury clinic near me,0,31,0%,54.68
oversensitivity to touch,0,31,0%,62.84
spine and wellness,0,30,0%,2.1
neuropathy,0,30,0%,2.63
chiropractors in murfreesboro tennessee,0,30,0%,19.23
sports injury doctor murfreesboro tn,0,30,0%,34.6
pediatric chiropractor murfreesboro,0,30,0%,51.2
fat burning 37130,0,29,0%,23.07
stanlick chiropractic,0,29,0%,39.48
pain with touch,0,29,0%,75.69
how to sleep with neuropathy in feet,0,29,0%,95.21
nerve decompression therapy,0,29,0%,96.48
decompression therapy near me,0,28,0%,4.75
decompression table,0,28,0%,5.43
weight loss clinics murfreesboro tn,0,28,0%,30.82
stanlick chiropractic murfreesboro tn,0,28,0%,31.07
mounjaro murfreesboro tn,0,28,0%,47.5
chronic dizziness treatment murfreesboro,0,28,0%,71.21
spinal decompression therapy 37091,0,27,0%,6.19
spinal decompression therapy farmington tn,0,27,0%,12.89
spine decompression,0,26,0%,2.23
back pain treatment murfreesboro tn,0,26,0%,20.5
chiropractic adjustment murfreesboro tn,0,26,0%,23.92
doctors diet program murfreesboro tn,0,26,0%,38.58
upper back pain chiropractor near me,0,26,0%,72.19
neck pain treatment near me,0,25,0%,7.24
burn fat 37130,0,25,0%,33.6
heightened sense of touch,0,25,0%,57.4
chiropractor office sba loans,0,25,0%,62.08
shoulder pain specialist near me,0,25,0%,70.12
shoulder pain relief in murfreesboro,0,24,0%,10.33
integrated health & wellness center 37128,0,24,0%,26.88
100 chiropractic murfreesboro,0,24,0%,34.04
revolution chiropractic,0,24,0%,45.38
medical-weight-loss-in-lakeland-tn,0,24,0%,68.42
best chiropractor rivergate,0,24,0%,74.29
does compression help with sciatica,0,24,0%,88.92
back and neck pain center murfreesboro tn,0,23,0%,6.04
chiropractors,0,23,0%,13.91
rudder chiropractic,0,23,0%,37.26
wellness chiropractor near me,0,22,0%,6.86
spine specialist murfreesboro tn,0,22,0%,10.64
spinal decompression therapy lewisburg tn,0,22,0%,21
car accident injury treatment near me,0,22,0%,39.41
sports injury chiropractor,0,22,0%,44.14
chiropractors specializing in neuropathy,0,22,0%,65.41
decompression and alignment,0,22,0%,86.14
chiropractic care for pain relief,0,21,0%,1
decompression therapy,0,21,0%,2.67
"say goodbye to sciatic nerve pain in just 10 minutes with this natural 
method",0,21,0%,3
neck and back clinic,0,21,0%,6.05
why did my leg give out when i stood up,0,21,0%,8.24
37128 integrated health & wellness center,0,21,0%,19.95
hip pain treatment murfreesboro,0,21,0%,23.48
well diagnostics,0,21,0%,34.95
spine joint and pain center murfreesboro tn,0,21,0%,37.71
medical-weight-loss-in-arlington-tn,0,21,0%,55.43
knee pain treatment murfreesboro,0,21,0%,57.33
joint pain treatment near me,0,21,0%,59.57
how to sleep with peripheral neuropathy,0,21,0%,89.71
my leg gave out and i fell when i woke up,0,20,0%,5.3
fat burning murfreesboro,0,20,0%,17.9
rutherford clinic rutherford tn,0,20,0%,23.55
non-surgical knee pain treatment murfreesboro,0,20,0%,52.4
medical weight loss in arlington tn,0,20,0%,62
auto accident chiropractors hayward,0,20,0%,73.85
non-surgical spinal decompression near me,0,20,0%,85.05
sciatica relief,0,19,0%,2.21
holistic chiropractor near me,0,19,0%,6.37
arthritis back pain,0,19,0%,7.47
spinal decompression chiropractor 37091,0,19,0%,19.42
auto injury chiropractor near me,0,19,0%,32.32
murfreesboro tirzepatide injections,0,19,0%,36.47
upper cervical chiropractor near me,0,19,0%,42.79
broadview health center,0,19,0%,45.05
car injury chiropractors near me,0,19,0%,70.95
osteoarthritis treatment murfreesboro,0,19,0%,85.05
neuropathy at night,0,19,0%,87.89
peripheral neuropathy,0,18,0%,2.44
exercises for sciatica,0,18,0%,3
wellness center murfreesboro,0,18,0%,10.28
fibromyalgia treatment murfreesboro,0,18,0%,14.67
metabolic booster injections murfreesboro,0,18,0%,20.33
pain clinic murfreesboro tn,0,18,0%,31.61
murfreesboro knee pain treatment,0,18,0%,63.67
peripheral neuropathy in young adults,0,17,0%,9.65
back doctor,0,17,0%,11.65
legs gave out,0,17,0%,12.47
"laser therapy & chiropractic center inc, doctor, murfreesboro",0,17,0%,18.71
chiropractic associates of murfreesboro,0,17,0%,32.35
car accident injury chiropractor near me,0,17,0%,34.18
why is my back sensitive to touch,0,17,0%,63.24
hands and legs burning sensation,0,16,0%,1
wellness chiropractor,0,16,0%,3.75
dr stewart murfreesboro tn,0,16,0%,4.38
sciatica treatment near me,0,16,0%,11
weight management near me,0,16,0%,13.75
burn fat murfreesboro,0,16,0%,16
neck pain treatment murfreesboro tn,0,16,0%,18.56
decompression therapy lewisburg tn,0,16,0%,26
stanlick chiropractic murfreesboro,0,16,0%,32.44
stanlick chiropractic fortress,0,16,0%,33.56
spinal decompression therapy bend oregon,0,16,0%,36.94
massage rx therapy murfreesboro,0,16,0%,41.25
weight loss injections murfreesboro,0,16,0%,42.06
"neurotoxins murfreesboro, tennessee",0,16,0%,55.94
murfreesboro semaglutide,0,16,0%,57.06
why pain changes locations,0,16,0%,63.5
spinal decompression nashville tn,0,16,0%,65.81
pain from touch,0,16,0%,66.38
auto injury clinic nashville,0,16,0%,77.5
car accident injury chiropractor campbell,0,16,0%,83.19
gae procedure murfreesboro,0,15,0%,1.93
decompression therapy 37091,0,15,0%,3.67
diet doctor murfreesboro tn,0,15,0%,6.47
neuropathy hacks,0,15,0%,11.27
burn fat murfreesboro tn,0,15,0%,19.33
family chiropractor near me,0,15,0%,21.27
weight loss injections 37130,0,15,0%,22.53
scoliosis surgeon rutherford,0,15,0%,27.13
weight loss clinic in murfreesboro tn,0,15,0%,33.47
hormone weight loss murfreesboro tn,0,15,0%,34
decompression for sciatica,0,15,0%,65.4
sleep neuropathy,0,15,0%,67.93
sleeping with neuropathy,0,15,0%,70.47
auto injury clinic,0,14,0%,5.93
car accident chiropractor,0,14,0%,7.79
best weight loss center,0,14,0%,9.21
auto injury treatment near me,0,14,0%,28.36
hormone weight loss murfreesboro,0,14,0%,29.71
the joint murfreesboro,0,14,0%,31.5
leg giving out,0,14,0%,36.86
murfreesboro family chiropractic and rehabilitation,0,14,0%,49.43
whiplash treatment campbell,0,14,0%,88.29
site:http://rutherfordchiropractic.com,0,13,0%,7.15
car accident chiropractors,0,13,0%,8.85
murfreesboro chiropractic clinic,0,13,0%,11.62
walk in chiropractor,0,13,0%,11.92
extreme sensitivity to touch is called,0,13,0%,12
herniated disc surgery rutherford,0,13,0%,29.92
healing hands chiropractic murfreesboro,0,13,0%,31.31
weight loss doctor 37130,0,13,0%,33.69
body composition scan in murfreesboro tn,0,13,0%,35.54
integrated health & wellness center murfreesboro,0,13,0%,44.54
diet doctor in murfreesboro tn,0,13,0%,48.69
murfreesboro pain clinic,0,13,0%,49.46
rutherford medical clinic,0,13,0%,67.77
pain on touch,0,13,0%,75
hypersensitive skin to touch,0,13,0%,85.46
sba loans chiropractor,0,13,0%,96.08
fast loans for chiropractic practice,0,13,0%,96.69
roots chiropractic,0,12,0%,5.58
usa chiropractic,0,12,0%,7.17
chiropractic services,0,12,0%,9.67
best weigh murfreesboro,0,12,0%,13.92
"best weight loss center, murfreesboro, tennessee, united states",0,12,0%,16.58
decompression therapy farmington tn,0,12,0%,23.92
key chiropractic murfreesboro tn,0,12,0%,26
stress relief murfreesboro tn,0,12,0%,36.75
nerve aging symptoms,0,12,0%,44.83
rutherford physiotherapy,0,12,0%,45.58
car accident chiropractors near me,0,12,0%,46.25
spinal wellness center,0,12,0%,51
car accident chiropractors hayward,0,12,0%,72
what causes hypersensitivity to touch,0,12,0%,72.58
hayward auto accident chiropractor,0,12,0%,74.83
sciatica decompression therapy,0,12,0%,77.33
spinal decompression therapy nashville,0,12,0%,79.5
arthritis knee treatment murfreesboro,0,12,0%,84.75
"(""murfreesboro, tennessee"" or ""murfreesboro tennessee"" or ""murfreesboro tn"" 
or ""murfreesboro, tn"") (""nutritionist"" or ""rd"" or ""registered dietitian"" or 
""rdn"" or ""registered dietitian nutritionist"" or ""dietitian"" or ""nutrition 
counselor"" or ""clinical nutritionist"") (""@yahoo.com"")",0,12,0%,190.58
hand leg burning sensation,0,11,0%,1
"root cause of multiple nerve compressions that arent trauma or strain in 20 
year old male",0,11,0%,1
how to relieve sciatica pain,0,11,0%,2.36
gae treatment clinic murfreesboro,0,11,0%,2.45
spine clinic near me,0,11,0%,7
what happens when your leg gives out,0,11,0%,26.09
back specialist,0,11,0%,26.45
scoliosis treatment in rutherford,0,11,0%,30
spinal decompression therapy belfast tn,0,11,0%,31.64
murfreesboro chiropractic clinic murfreesboro tn,0,11,0%,32.55
chiropractic migraines murfreesboro,0,11,0%,33
the disc doctor murfreesboro tn,0,11,0%,38.82
neuropathy treatments lewisburg tn,0,11,0%,39.18
murfreesboro shoulder pain treatment,0,11,0%,40.18
stewart chiropractic hendersonville tn,0,11,0%,41
sports injury doctor near me,0,11,0%,42.91
rudder chiropractic center,0,11,0%,46.09
rivergate chiropractor,0,11,0%,56.73
roanoke chiropractic wellness center,0,11,0%,62.36
stanlick chiropractic fortress blvd,0,11,0%,67.36
chiropractor for runners,0,11,0%,71.45
my body is sensitive to touch,0,11,0%,99.55
care credit phone number,0,10,0%,1
hand and leg burning sensation,0,10,0%,1
stretches for sciatica,0,10,0%,3.3
auto accident doctor near me,0,10,0%,5.5
drx9000,0,10,0%,6.4
back pain relief near me,0,10,0%,6.8
is migrating back pain common,0,10,0%,7.2
spinal decompression cost near me,0,10,0%,7.3
neck and back pain center,0,10,0%,8.7
lower back stretching near me,0,10,0%,9.6
doctor rutherford,0,10,0%,10
chiropractor nearby,0,10,0%,10.2
1139 nw broad st #106,0,10,0%,10.7
stuart chiropractic,0,10,0%,10.8
"chiropractor, murfreesboro, tennessee, united states",0,10,0%,15.2
auto accident chiropractor,0,10,0%,27.3
injury treatment murfreesboro,0,10,0%,32.2
scoliosis surgery rutherford,0,10,0%,33.4
sports chiropractor,0,10,0%,39.4
chiropractor spinal decompression,0,10,0%,50.5
leg gives out,0,10,0%,51.6
foxworth chiropractic,0,10,0%,56.6
very sensitive to touch,0,10,0%,58.8
murfreesboro acupuncture,0,10,0%,59.8
spangler chiropractic,0,10,0%,60.5
murfreesboro family chiropractic,0,10,0%,60.8
rutherford health center,0,10,0%,63
neuropathy sleep,0,10,0%,70.3
why is my body so sensitive to touch,0,10,0%,70.3
local chiropractic services,0,10,0%,78.2
spinal decompression nashville,0,10,0%,85.1
chiropractor loans,0,10,0%,88.4
legs and hands burning sensation,0,9,0%,1
what is neuropathy,0,9,0%,1.44
tn spine and wellness,0,9,0%,2.89
upper cervical chiropractic,0,9,0%,4.11
car crash injury clinic,0,9,0%,6.44
chiropractic massage near me,0,9,0%,6.89
how common is migrating or shifting back pain,0,9,0%,7.56
injury accident clinic,0,9,0%,7.67
best weigh murfreesboro tn,0,9,0%,10.89
"1139 nw broad st #106, murfreesboro, tn 37129",0,9,0%,11.33
why do my legs give out when i stand up,0,9,0%,11.67
quiropráctico cerca de mi,0,9,0%,14.89
my legs just gave out,0,9,0%,16.67
spine chiropractor,0,9,0%,17.78
pain that moves around,0,9,0%,30.56
integrated health & wellness center murfreesboro tn,0,9,0%,32.44
lipotropic injections in murfreesboro,0,9,0%,32.89
spine and wellness center near me,0,9,0%,37.78
tennessee spine center wellness & medical group,0,9,0%,38.22
weight loss clinic near me,0,9,0%,39
pain management murfreesboro tn,0,9,0%,47
acupuncture murfreesboro tn,0,9,0%,48.11
auto accident chiropractic near me,0,9,0%,51.67
auto injury chiropractors near me,0,9,0%,57
my back is sensitive to touch,0,9,0%,59.33
neuropathy and sleep,0,9,0%,59.44
fayetteville runner's knee chiropractic treatment,0,9,0%,63.67
alignment murfreesboro,0,9,0%,64.78
strong spine and body,0,9,0%,66.89
runner chiropractor,0,9,0%,73.56
car injury clinic nashville,0,9,0%,84
merchant cash advance for chiropractic practice,0,9,0%,94.78
dr. stewart,0,8,0%,2.25
spinal decompression machine,0,8,0%,2.25
ring dinger chiropractor near me,0,8,0%,6
knee decompression,0,8,0%,6.12
spinal,0,8,0%,6.12
motor vehicle accident chiropractor,0,8,0%,6.5
spine clinic,0,8,0%,6.75
chiropractor for auto accident,0,8,0%,8.62
what age can you get neuropathy,0,8,0%,9
spine doctor near me,0,8,0%,9.38
chiro near me,0,8,0%,9.75
chiropractor near me walk in,0,8,0%,10.12
chiropractor for athletes,0,8,0%,10.25
chiropractors open on saturday,0,8,0%,10.38
auto accident clinic,0,8,0%,11.25
neuropathy treatment,0,8,0%,11.5
wellness clinic near me,0,8,0%,16.88
pediatric chiropractor murfreesboro tn,0,8,0%,19.75
weight loss clinic 37130,0,8,0%,19.88
migraine treatment murfreesboro tn,0,8,0%,20
headache treatment murfreesboro tn,0,8,0%,20.5
what does it mean when your leg gives out,0,8,0%,37.5
wellness spine center,0,8,0%,41
scoliosis specialist rutherford,0,8,0%,43.75
metabolic research center murfreesboro tn,0,8,0%,44.62
sensitive to light touch,0,8,0%,48.62
neck sensitivity to touch,0,8,0%,50.12
peripheral neuropathy age,0,8,0%,54.38
overly sensitive to touch,0,8,0%,54.75
nutritionist murfreesboro,0,8,0%,58.12
back pain moves around,0,8,0%,60.88
back is sensitive to touch,0,8,0%,68.38
spinal rehabilitation tennessee,0,8,0%,69.12
nerves sensitive to touch,0,8,0%,74.88
hurts to be touched,0,8,0%,75.25
"(""murfreesboro, tennessee"" or ""murfreesboro tennessee"" or ""murfreesboro tn"" 
or ""murfreesboro, tn"") (""nutritionist"" or ""registered dietitian"" or 
""registered dietitian nutritionist"" or ""dietitian"" or ""nutrition counselor"" 
or ""clinical nutritionist"") (""@yahoo.com"")",0,8,0%,106.88
burning sensation in hands and legs,0,7,0%,1
burning sensation in legs and hands,0,7,0%,1
why do my legs feel weak and shaky all of a sudden,0,7,0%,2.86
spinal adjustment,0,7,0%,3.14
auto injury chiropractic services,0,7,0%,4.14
car accident chiropractic care,0,7,0%,5.29
pulstar chiropractic near me,0,7,0%,5.86
back and neck center,0,7,0%,6.14
dr rutherford office,0,7,0%,6.14
causes of shifting or migrating back pain,0,7,0%,7.71
auto accident chiropractors,0,7,0%,8.29
broad street center,0,7,0%,9.71
chiropractor open on saturday,0,7,0%,9.71
auto accident doctors near me,0,7,0%,10.14
back specialist near me,0,7,0%,10.14
can sciatica cause leg to give out,0,7,0%,11.43
nearest chiropractor,0,7,0%,11.43
decompression,0,7,0%,13.71
prenatal chiropractor murfreesboro tn,0,7,0%,16.71
best chiropractor in murfreesboro tn,0,7,0%,17.29
the rutherford clinic,0,7,0%,19.86
chiropractor broad st,0,7,0%,20.29
reflect wellness murfreesboro,0,7,0%,25.14
car accident injury clinic,0,7,0%,27.71
weight loss center near me,0,7,0%,28
bellshire wellness center,0,7,0%,34.29
back sensitivity to touch,0,7,0%,39.43
leg gives out when walking no pain,0,7,0%,44.86
rudder chiropractor,0,7,0%,45.86
why did my leg give out,0,7,0%,50.43
chiropractor rivergate,0,7,0%,54.43
back doctor chiropractor,0,7,0%,56.14
spinal decompression brentwood tn,0,7,0%,56.29
wesley rutherford,0,7,0%,56.29
sensitive hands to touch,0,7,0%,59.71
lower back pain moves around,0,7,0%,63.43
balance therapy murfreesboro,0,7,0%,66
spinal decompression for sciatica,0,7,0%,76.71
sudden sciatic pain,0,7,0%,77.71
heightened nerve sensitivity,0,7,0%,82.86
skin hypersensitivity to touch,0,7,0%,83.14
neck pain after car accident,0,7,0%,84.57
sba loan chiropractor,0,7,0%,99.14
spine chiropractic,0,6,0%,1.17
sciatic pain relief,0,6,0%,2.67
network spinal analysis near me,0,6,0%,4.5
feels like i'm wearing socks but i'm not,0,6,0%,5.17
auto accident treatment near me,0,6,0%,5.33
free chiropractic adjustment near me,0,6,0%,6
body scan near me,0,6,0%,7.5
best weight loss clinic,0,6,0%,8.17
weekend chiropractor near me,0,6,0%,8.5
neck and spine doctor near me,0,6,0%,8.83
spine doctors near me,0,6,0%,9.17
well adjusted chiropractic,0,6,0%,11.17
chiroprator,0,6,0%,12.83
rutherford center,0,6,0%,13.5
weight loss programs brentwood,0,6,0%,14.33
pregnancy chiropractor murfreesboro tn,0,6,0%,25.67
alcoholic neuropathy in 20s,0,6,0%,26.17
why pain moves,0,6,0%,29.33
recovery center murfreesboro area,0,6,0%,31
weight loss supplements murfreesboro tn,0,6,0%,31
best way to sleep with neuropathy,0,6,0%,31.33
does spinal decompression help with arthritis,0,6,0%,31.5
my legs give out,0,6,0%,33.33
stewart chiropractic & rehabilitation,0,6,0%,34.5
what is the real enemy of neuropathy? tell me about autoimmune neuropathy,0,6,0%,35.5
why did my legs give out,0,6,0%,36.5
why does my leg give out,0,6,0%,39
what does it mean when your legs give out,0,6,0%,39.67
fat reduction murfreesboro tn,0,6,0%,41.33
revolution chiropractic murfreesboro,0,6,0%,42.17
vestibular rehabilitation for vertigo murfreesboro,0,6,0%,43.17
local chiropractors,0,6,0%,44.5
the spine and wellness center,0,6,0%,45.17
physical therapy murfreesboro,0,6,0%,46
hand sensitivity to touch,0,6,0%,48
wilderness chiropractic,0,6,0%,53
long hollow chiropractic,0,6,0%,55.33
pain management in murfreesboro tn,0,6,0%,55.5
sore to the touch,0,6,0%,58.17
epidural injections rutherford,0,6,0%,58.67
horizon spinal care,0,6,0%,58.83
pain to light touch,0,6,0%,59.17
semaglutide murfreesboro tn,0,6,0%,70
what causes your legs to suddenly give out,0,6,0%,71.33
my back pain moves around,0,6,0%,71.67
body is sensitive to touch,0,6,0%,74
knee pain specialist murfreesboro,0,6,0%,74.83
car accident neck pain,0,6,0%,84.83
low back pain chiropractor near me,0,6,0%,85.83
pain to the touch,0,6,0%,87
neuropathy treatment mt juliet tn,0,6,0%,90.17
chiropractor tennessee,0,6,0%,91.33
sensitivity to touch skin,0,6,0%,95
nerve diseases that cause pain,0,5,0%,1
spinal compression fracture treatment,0,5,0%,1
how to relieve sciatica pain fast,0,5,0%,2
emg test,0,5,0%,2.2
autonomic neuropathy,0,5,0%,2.4
exercises for sciatic nerve pain,0,5,0%,2.8
health & wellness center,0,5,0%,2.8
shockwave therapy near me,0,5,0%,3
auto accident doctor,0,5,0%,3.2
neuropathy causes,0,5,0%,3.6
spine center near me,0,5,0%,3.6
spinal adjustments,0,5,0%,4
my legs gave out,0,5,0%,4.4
center for spine,0,5,0%,4.8
chiropractic auto accident,0,5,0%,5.8
wellness physical therapy,0,5,0%,6
chiropractor auto accident,0,5,0%,6.4
scoliosis chiropractor near me,0,5,0%,7.2
ub chiropractic,0,5,0%,7.2
well center near me,0,5,0%,7.4
chiropractor and massage near me,0,5,0%,8.6
chiropractor massage near me,0,5,0%,9
chiropractor car accident,0,5,0%,9.2
cervical chiropractor near me,0,5,0%,9.4
chiropractors open on the weekend,0,5,0%,9.4
back pain center,0,5,0%,10.2
cervical chiropractor,0,5,0%,11.2
random sciatica pain,0,5,0%,11.2
neuropathy doctor,0,5,0%,11.6
spinal laser surgery,0,5,0%,12.8
family chiropractor murfreesboro tn,0,5,0%,15
leg giving out sciatica,0,5,0%,15.8
decompression therapy belfast tn,0,5,0%,16
chiropracter near me,0,5,0%,16.2
back doctor murfreesboro tn,0,5,0%,17.4
pain moves,0,5,0%,18.6
accident and injury clinic,0,5,0%,23.8
diet clinic,0,5,0%,24.2
neuropathy clinic near me,0,5,0%,25.8
posture improvement near me,0,5,0%,31
pain management murfreesboro,0,5,0%,32.4
piney flats chiropractic,0,5,0%,33
car crash chiropractor near me,0,5,0%,35.2
why do my legs give out,0,5,0%,35.4
the joint murfreesboro tn,0,5,0%,37.8
broad street chiropractic,0,5,0%,42
murfreesboro tn integrative medicine doctor,0,5,0%,43.2
neuropathy age,0,5,0%,43.8
murfreesboro pain management,0,5,0%,45
stewart chiropractic & rehabilitation centers,0,5,0%,45.8
sports injury clinic,0,5,0%,49.4
lower back pain and tingling in feet and hands,0,5,0%,50.2
back pain that moves around,0,5,0%,53.8
thoracic spine therapy tennessee,0,5,0%,53.8
dry needling murfreesboro,0,5,0%,54.2
chronic pain relief murfreesboro tn,0,5,0%,56
spinal decompression franklin tn,0,5,0%,58.4
spine wellness,0,5,0%,58.4
spinal decompression in franklin tn,0,5,0%,62.2
back pain and numbness in hands,0,5,0%,63.4
neuropathy wellness solutions,0,5,0%,66.8
spine wellness clinic,0,5,0%,69.4
spine and laser center,0,5,0%,70
broad st chiropractic,0,5,0%,74
lower back pain and numbness in hands while sleeping,0,5,0%,75.8
does spinal decompression help sciatica,0,5,0%,76.2
spinal decompression in nashville,0,5,0%,76.2
norris chiropractic,0,5,0%,77.2
legs give out,0,5,0%,78.8
sciatica decompression,0,5,0%,80.6
sciatica can’t stand up straight,0,5,0%,82.2
fall prevention therapy murfreesboro,0,5,0%,83.2
wegovy murfreesboro tn,0,5,0%,83.4
neuropathy pain at night,0,5,0%,91.2
forrest chiropractic,0,5,0%,92.8
chiropractic practice cash advance,0,5,0%,95.6
can neuropathy cause sleep problems,0,4,0%,1
central nervous system and peripheral nervous system,0,4,0%,1
leg and hand burning sensation,0,4,0%,1
legs gave out and fell,0,4,0%,1
northwest chiropractor,0,4,0%,1
spinal disc decompression,0,4,0%,1
the disc doctor,0,4,0%,1.25
northwest spine center,0,4,0%,1.5
chiropractor wellness center,0,4,0%,1.75
relief for sciatica pain,0,4,0%,2
relieving sciatica pain,0,4,0%,2
pain moves from one place to another,0,4,0%,2.25
sciatica relief in 8 minutes,0,4,0%,3
back therapy near me,0,4,0%,3.5
spinal flow technique near me,0,4,0%,4
chiro with massage near me,0,4,0%,4.5
dr stark chiropractor,0,4,0%,5
dr stewart's office,0,4,0%,5.5
back alignment near me,0,4,0%,5.75
car accident chiropractic,0,4,0%,5.75
back treatment near me,0,4,0%,6.5
injury chiropractic,0,4,0%,6.5
neuro chiropractor near me,0,4,0%,6.5
neuropathy centers near me,0,4,0%,6.5
spinal works,0,4,0%,6.5
back and neck clinic,0,4,0%,7.25
how common is migrating back pain,0,4,0%,7.25
chiro therapy,0,4,0%,7.5
spine center,0,4,0%,7.5
y strap near me,0,4,0%,7.5
chiropractic office,0,4,0%,7.75
closest chiropractor to me,0,4,0%,7.75
spinal specialist near me,0,4,0%,7.75
non-surgical spinal decompression,0,4,0%,8
spinal rehabilitation center,0,4,0%,8
chiropractor health and wellness,0,4,0%,8.25
chriopractor near me,0,4,0%,8.25
free chiropractor,0,4,0%,8.25
decompression chiropractor,0,4,0%,8.5
medicare chiropractor near me,0,4,0%,8.5
quiropráctico near me,0,4,0%,8.5
rutherford clinic rutherford tennessee,0,4,0%,8.5
auto injury clinics,0,4,0%,8.75
accident & injury,0,4,0%,9
movement chiropractic,0,4,0%,9
neck and back doctor near me,0,4,0%,9
car injury doctors,0,4,0%,9.25
filipino chiropractor near me,0,4,0%,9.25
rutherford,0,4,0%,9.25
sciatica massage near me,0,4,0%,9.25
wells chiropractor,0,4,0%,9.25
chiropractic open on saturday,0,4,0%,9.5
rife therapy near me,0,4,0%,9.5
saturday chiropractor,0,4,0%,9.5
treating stenosis,0,4,0%,9.5
well chiropractic clinic,0,4,0%,9.5
gentle chiropractor near me,0,4,0%,9.75
chiropractor for auto accidents,0,4,0%,10
chiropractor for car accident,0,4,0%,10
sport chiropractor,0,4,0%,10
chiropractor for tmj near me,0,4,0%,10.25
chiropractors near me that take insurance,0,4,0%,10.25
total body chiropractic,0,4,0%,10.25
good chiropractor near me,0,4,0%,10.75
chiro,0,4,0%,11
murfreesboro shoulder pain relief,0,4,0%,11.5
dr stewart chiro,0,4,0%,12.25
chriopractor,0,4,0%,13
walk-in chiropractor,0,4,0%,14.25
steward chiropractor,0,4,0%,14.75
chiropractic and auto injury center,0,4,0%,17.5
root-cause healing murfreesboro,0,4,0%,17.5
rutherford medical center,0,4,0%,18
pain moves around,0,4,0%,20.25
spine & wellness center,0,4,0%,20.5
neck pain treatment,0,4,0%,21
stewart family chiropractic,0,4,0%,22.25
neuropathy in back,0,4,0%,25.5
physical therapy,0,4,0%,27.75
steward chiropractic center,0,4,0%,28.75
diet clinic murfreesboro tn,0,4,0%,31.75
leg give out meaning,0,4,0%,32
foot reflexology murfreesboro tn,0,4,0%,32.25
chiropractor for chronic pain near me,0,4,0%,32.5
leg give out,0,4,0%,33.25
why is my leg giving out,0,4,0%,34.25
back pain specialist murfreesboro,0,4,0%,36.25
neuropathy risk factors,0,4,0%,36.25
santa maria runner's knee chiropractic treatment,0,4,0%,36.5
rutherford credit murfreesboro,0,4,0%,38.75
inversion therapy near me,0,4,0%,40.25
neuropathy treatment lewisburg tn,0,4,0%,41
"1139 jerico rd murfreesboro, tn 37130",0,4,0%,41.25
best murfreesboro integrated health & wellness center,0,4,0%,43.5
leg giving out when walking,0,4,0%,44.25
back pain and neuropathy,0,4,0%,45.75
acupuncture murfreesboro,0,4,0%,46.25
lower back pain numb toes,0,4,0%,49.25
lower back pain tingling feet,0,4,0%,49.75
neuropathy back pain,0,4,0%,50.5
car engine repair servicesmurfreesboro,0,4,0%,53.75
acupuncture in murfreesboro tn,0,4,0%,54.25
back pain numb toes,0,4,0%,56.75
sciatica can't walk or stand,0,4,0%,58
rutherford health centre,0,4,0%,58.25
the spine shop,0,4,0%,58.75
tenderness to touch,0,4,0%,60.25
migrating back pain,0,4,0%,60.75
pain when being touched,0,4,0%,61
what causes your leg to give out,0,4,0%,61.25
sciatica pain when standing up,0,4,0%,61.5
why does my left leg give out,0,4,0%,61.5
back pain that moves around and comes and goes,0,4,0%,62
dr rhonda schroeder,0,4,0%,63.25
legs give out meaning,0,4,0%,65.25
back pain and numbness in fingers,0,4,0%,65.75
body very sensitive to touch,0,4,0%,65.75
middle tennessee spine and joint center,0,4,0%,67
body sensitivity to touch,0,4,0%,68
why does my leg give out sometimes,0,4,0%,68.75
randolph chiropractor,0,4,0%,70.5
wellness and spine center,0,4,0%,74.25
chiropractor for runners knee,0,4,0%,74.5
wellness spine clinic,0,4,0%,75
back & neck chiropractic wellness center,0,4,0%,77.75
neck pain after car accident treatment,0,4,0%,78.25
neuropathy treatment near mt juliet,0,4,0%,79
sciatica traction treatment,0,4,0%,80.25
sciatica spinal decompression,0,4,0%,80.5
lower back numbness and pain,0,4,0%,81.25
car accident chiropractic in campbell,0,4,0%,82.75
spinal neuropathy treatment,0,4,0%,84.25
back and neck chiropractic,0,4,0%,87.5
body sensitive to touch,0,4,0%,94.5
how to live with neuropathy,0,4,0%,96.25
drx 9000 spinal decompression near me,0,3,0%,1
legs give way when standing up,0,3,0%,1
my hands are on fire,0,3,0%,1
nucca certified chiropractor near me,0,3,0%,1
pain management chiropractor near me,0,3,0%,1
polyneuropathie mit 30 jahren,0,3,0%,1
spine and wellness centers of america,0,3,0%,1
spine care,0,3,0%,1
why do my feet feel like i have tight socks on,0,3,0%,1
can tight socks cause neuropathy,0,3,0%,1.67
northwest wellness center,0,3,0%,1.67
best exercise for sciatica,0,3,0%,2
chiropractor for weight loss,0,3,0%,2
how to fix sciatic nerve pain,0,3,0%,2
how to get rid of sciatica pain fast,0,3,0%,2
surecare chiropractic spine center photos,0,3,0%,2
treatment for sciatic nerve pain,0,3,0%,2
whiplash doctor,0,3,0%,2
decompression therapy for back,0,3,0%,2.67
neuropathy symptoms,0,3,0%,2.67
restoration chiropractic,0,3,0%,2.67
spine adjustment,0,3,0%,2.67
wesley wellness,0,3,0%,2.67
can spinal stenosis cause neuropathy in feet and legs,0,3,0%,3
chiropractic and wellness center,0,3,0%,3
discectomy spine surgery rutherford,0,3,0%,3
nerve conduction test,0,3,0%,3
northwest pain clinic,0,3,0%,3
sharp pain in thigh,0,3,0%,3
wellness chiropractic near me,0,3,0%,3
what are the first signs of nerve damage,0,3,0%,3
leg,0,3,0%,3.33
sport and spine,0,3,0%,3.67
sciatic nerve pain stretches,0,3,0%,4
atlas orthogonal chiropractic near me,0,3,0%,4.33
dr justin rutherford,0,3,0%,4.33
spine dr,0,3,0%,4.33
back dr,0,3,0%,5
chiropractor dr,0,3,0%,5.33
c1 adjustment near me,0,3,0%,5.67
chiropractic neurologist near me,0,3,0%,5.67
chiropractor for hip pain near me,0,3,0%,5.67
spine and wellness near me,0,3,0%,5.67
spine decompression therapy,0,3,0%,5.67
neuropathy near me,0,3,0%,6
soft wave therapy near me,0,3,0%,6
automobile accident chiropractor,0,3,0%,6.33
neck & back clinic,0,3,0%,6.33
network chiropractor near me,0,3,0%,6.33
quiropractico near me,0,3,0%,6.33
chiropractor decompression near me,0,3,0%,6.67
hip pain treatment rutherford,0,3,0%,7
sports chiropractic,0,3,0%,7
vagus nerve treatment near me,0,3,0%,7
advance chiropractic,0,3,0%,7.33
kinesiology near me,0,3,0%,7.33